cd_municipio;nm_municipio;nr_zona;nm_local_votacao;ds_local_votacao_endereco;nr_secao;nr_local_votacao;nr_votavel;nm_votavel;sq_candidato;qt_aptos;qt_comparecimento;qt_votos_nominais;qt_votos
47635;LAVRAS;160;INSTITUTO GAMMON;PÇA, DR, JORGE 370;124;1120;80;SAMARA MARTINS DA SILVA FEITOSA;2,80E+11;321;223;210;1
47635;LAVRAS;160;COLEGIO NOSSA SENHORA DE LOURDES;PRAÇA MONSENHOR DOMINGOS PINHEIRO 162;53;1031;30;ROMEU ZEMA NETO;2,80E+11;312;243;230;6
47635;LAVRAS;160;ESCOLA MUNICIPAL FRANCISCO SALES;RUA SANTOS PENONI S/N;98;1090;30;ROMEU ZEMA NETO;2,80E+11;396;273;257;1
47635;LAVRAS;160;ESCOLA ESTADUAL CINIRA DE CARVALHO;RUA AUGUSTO VIEIRA SILVA 440;161;1147;80;SAMARA MARTINS DA SILVA FEITOSA;2,80E+11;398;284;266;2
47635;LAVRAS;160;ESCOLA MUNICIPAL DOUTORA DAMINA;RUA PEDRO MOURA 269;185;1015;13;LUIZ INÁCIO LULA DA SILVA;2,80E+11;334;258;247;94
47635;LAVRAS;160;CAMPUS CARLOTA KEMPER;PRACA DR, AUGUSTO SILVA 616;93;1066;96;VOTO NULO;-1;346;243;233;6
47635;LAVRAS;160;ESCOLA ESTADUAL CINIRA DE CARVALHO;RUA AUGUSTO VIEIRA SILVA 440;264;1147;96;VOTO NULO;-1;389;308;287;16
47635;LAVRAS;160;ESCOLA ESTADUAL TIRADENTES;RUA COMANDANTE NÉLIO, N, 07;284;1260;70;AUGUSTO JORGE CURY;2,80E+11;389;317;301;9
47635;LAVRAS;160;ESCOLA ESTADUAL JOAO BATISTA HERMETO;RUA JAIR FERREIRA 285;39;1023;95;VOTO BRANCO;-1;393;300;276;6
47635;LAVRAS;160;ESCOLA ESTADUAL JOAO BATISTA HERMETO;RUA JAIR FERREIRA 285;38;1023;95;VOTO BRANCO;-1;389;291;273;12
47635;LAVRAS;160;ESCOLA ESTADUAL JOAO BATISTA HERMETO;RUA JAIR FERREIRA 285;168;1023;95;VOTO BRANCO;-1;386;309;286;12
47635;LAVRAS;160;ESCOLA MUNICIPAL UMBELINA AZEVEDO AVELLAR;AVENIDA ANISIO HADDAD, 10;260;1228;96;VOTO NULO;-1;382;303;275;17
47635;LAVRAS;160;ESCOLA MUNICIPAL PADRE DEHON;AV, ANTONIO VAZ MONTEIRO, 338;262;1104;96;VOTO NULO;-1;379;299;285;5
47635;LAVRAS;160;ESCOLA MUNICIPAL OSCAR BOTELHO;RUA JOAQUIM CARLOS ALVARENGA 268;263;1074;14;RENAN ANTONIO FERREIRA DOS SANTOS;2,80E+11;340;255;224;2
47635;LAVRAS;160;ESCOLA MUNICIPAL OSCAR BOTELHO;RUA JOAQUIM CARLOS ALVARENGA 268;78;1074;96;VOTO NULO;-1;341;220;198;12
47635;LAVRAS;160;ESCOLA MUNICIPAL PAULO LOURENCO MENICUCCI;RUA LUIZ CARLOS DE SOUZA 33;276;1210;80;SAMARA MARTINS DA SILVA FEITOSA;2,80E+11;381;304;277;1
47635;LAVRAS;160;ESCOLA MUNICIPAL  ALVARO BOTELHO;PCA, DOUTOR JORGE 130;57;1040;95;VOTO BRANCO;-1;338;251;235;4
47635;LAVRAS;160;ESCOLA MUNICIPAL  ALVARO BOTELHO;PCA, DOUTOR JORGE 130;59;1040;95;VOTO BRANCO;-1;336;256;242;2
47635;LAVRAS;160;CAIC - ESCOLA MUNICIPAL ITALIA CAUTIERO FRANCO;RUA RAIMUNDA MARQUES GUIMARAES S/N;268;1163;95;VOTO BRANCO;-1;374;291;274;6
47635;LAVRAS;160;ESCOLA ESTADUAL TIRADENTES;RUA COMANDANTE NÉLIO, N, 07;277;1260;70;AUGUSTO JORGE CURY;2,80E+11;394;312;299;11
47635;LAVRAS;160;ESCOLA MUNICIPAL PAULO MENICUCCI;RUA AGRIPINO AUGUSTO ANDRADE 425;116;1112;70;AUGUSTO JORGE CURY;2,80E+11;273;198;181;7
47635;LAVRAS;160;CAMPUS CARLOTA KEMPER;PRACA DR, AUGUSTO SILVA 616;253;1066;96;VOTO NULO;-1;344;268;262;5
47635;LAVRAS;160;ESCOLA ESTADUAL JOAO BATISTA HERMETO;RUA JAIR FERREIRA 285;37;1023;96;VOTO NULO;-1;388;280;266;9
47635;LAVRAS;160;ESCOLA MUNICIPAL UMBELINA AZEVEDO AVELLAR;AVENIDA ANISIO HADDAD, 10;233;1228;96;VOTO NULO;-1;374;284;260;12
47635;LAVRAS;160;UNILAVRAS;RUA PADRE JOSE POGGEL 506;282;1139;96;VOTO NULO;-1;360;286;275;7
47635;LAVRAS;160;ESCOLA ESTADUAL FIRMINO COSTA;RUA BARBOSA LIMA 361;87;1082;96;VOTO NULO;-1;387;252;235;9
47635;LAVRAS;160;ESCOLA ESTADUAL CINIRA DE CARVALHO;RUA AUGUSTO VIEIRA SILVA 440;184;1147;96;VOTO NULO;-1;393;303;280;18
47635;LAVRAS;160;ESCOLA ESTADUAL JOAO BATISTA HERMETO;RUA JAIR FERREIRA 285;38;1023;96;VOTO NULO;-1;389;291;273;6
47635;LAVRAS;160;ESCOLA ESTADUAL FIRMINO COSTA;RUA BARBOSA LIMA 361;88;1082;55;RONALDO RAMOS CAIADO;2,80E+11;389;289;274;6
47635;LAVRAS;160;ESCOLA MUNICIPAL PAULO MENICUCCI;RUA AGRIPINO AUGUSTO ANDRADE 425;111;1112;22;FLAVIO NANTES BOLSONARO;2,80E+11;274;194;174;74
47635;LAVRAS;160;ESCOLA MUNICIPAL PAULO MENICUCCI;RUA AGRIPINO AUGUSTO ANDRADE 425;112;1112;70;AUGUSTO JORGE CURY;2,80E+11;272;190;170;7
47635;LAVRAS;160;ESCOLA MUNICIPAL OSCAR BOTELHO;RUA JOAQUIM CARLOS ALVARENGA 268;77;1074;95;VOTO BRANCO;-1;341;247;222;13
47635;LAVRAS;160;ESCOLA ESTADUAL AZARIAS RIBEIRO;RUA  ORLANDINO PINTO RIBEIRO 254;67;1058;95;VOTO BRANCO;-1;352;266;243;9
47635;LAVRAS;160;ESCOLA ESTADUAL CRISTIANO DE SOUZA;AV, DUQUE DA ROCHA 501;204;1155;30;ROMEU ZEMA NETO;2,80E+11;393;308;280;2
47635;LAVRAS;160;ESCOLA MUNICIPAL DOUTORA DAMINA;RUA PEDRO MOURA 269;30;1015;95;VOTO BRANCO;-1;337;246;230;7
47635;LAVRAS;160;E, M, PROFESSOR JOSE LUIZ DE MESQUITA;RUA CECILIA MEIRELES 101;283;1236;35;WILSON GRASSI JUNIOR;2,80E+11;369;268;241;2
47635;LAVRAS;160;ESCOLA MUNICIPAL DOUTORA DAMINA;RUA PEDRO MOURA 269;36;1015;30;ROMEU ZEMA NETO;2,80E+11;336;255;244;4
47635;LAVRAS;160;COLEGIO NOSSA SENHORA DE LOURDES;PRAÇA MONSENHOR DOMINGOS PINHEIRO 162;172;1031;30;ROMEU ZEMA NETO;2,80E+11;314;253;244;1
47635;LAVRAS;160;COLEGIO TIRADENTES;COMANDANTE NELIO S/N;215;1171;30;ROMEU ZEMA NETO;2,80E+11;380;302;289;3
47635;LAVRAS;160;ESCOLA MUNICIPAL OSCAR BOTELHO;RUA JOAQUIM CARLOS ALVARENGA 268;76;1074;70;AUGUSTO JORGE CURY;2,80E+11;343;255;231;7
47635;LAVRAS;160;ESCOLA MUNICIPAL JOSE SERAFIM;RUA HELIO LUCIO DO CARMO 10;273;1201;55;RONALDO RAMOS CAIADO;2,80E+11;306;224;188;4
47635;LAVRAS;160;E, M, PROFESSOR ÉDIO DO NASCIMENTO BIRINDIBA;ESTAÇÃO FERROVIÁRIA DO ITIRAPUAN;285;1244;14;RENAN ANTONIO FERREIRA DOS SANTOS;2,80E+11;114;92;86;7
47635;LAVRAS;160;ESCOLA ESTADUAL FIRMINO COSTA;RUA BARBOSA LIMA 361;90;1082;22;FLAVIO NANTES BOLSONARO;2,80E+11;388;283;269;139
47635;LAVRAS;160;ESCOLA ESTADUAL CRISTIANO DE SOUZA;AV, DUQUE DA ROCHA 501;261;1155;22;FLAVIO NANTES BOLSONARO;2,80E+11;389;303;281;126
47635;LAVRAS;160;ESCOLA MUNICIPAL UMBELINA AZEVEDO AVELLAR;AVENIDA ANISIO HADDAD, 10;243;1228;13;LUIZ INÁCIO LULA DA SILVA;2,80E+11;367;284;263;105
47635;LAVRAS;160;ESCOLA ESTADUAL CINIRA DE CARVALHO;RUA AUGUSTO VIEIRA SILVA 440;200;1147;22;FLAVIO NANTES BOLSONARO;2,80E+11;395;305;278;145
47635;LAVRAS;160;CAIC - ESCOLA MUNICIPAL ITALIA CAUTIERO FRANCO;RUA RAIMUNDA MARQUES GUIMARAES S/N;103;1163;14;RENAN ANTONIO FERREIRA DOS SANTOS;2,80E+11;371;268;249;2
47635;LAVRAS;160;ESCOLA MUNICIPAL OSCAR BOTELHO;RUA JOAQUIM CARLOS ALVARENGA 268;78;1074;14;RENAN ANTONIO FERREIRA DOS SANTOS;2,80E+11;341;220;198;2
47635;LAVRAS;160;ESCOLA MUNICIPAL UMBELINA AZEVEDO AVELLAR;AVENIDA ANISIO HADDAD, 10;279;1228;16;HERTZ DA CONCEICAO DIAS;2,80E+11;385;277;257;1
47635;LAVRAS;160;ESCOLA MUNICIPAL FRANCISCO SALES;RUA SANTOS PENONI S/N;100;1090;22;FLAVIO NANTES BOLSONARO;2,80E+11;399;284;264;115
47635;LAVRAS;160;COLEGIO NOSSA SENHORA DE LOURDES;PRAÇA MONSENHOR DOMINGOS PINHEIRO 162;48;1031;22;FLAVIO NANTES BOLSONARO;2,80E+11;317;234;228;127
47635;LAVRAS;160;ESCOLA ESTADUAL FIRMINO COSTA;RUA BARBOSA LIMA 361;237;1082;30;ROMEU ZEMA NETO;2,80E+11;386;297;278;6
47635;LAVRAS;160;CAIC - ESCOLA MUNICIPAL ITALIA CAUTIERO FRANCO;RUA RAIMUNDA MARQUES GUIMARAES S/N;104;1163;13;LUIZ INÁCIO LULA DA SILVA;2,80E+11;375;309;292;119
47635;LAVRAS;160;ESCOLA MUNICIPAL DOUTORA DAMINA;RUA PEDRO MOURA 269;210;1015;22;FLAVIO NANTES BOLSONARO;2,80E+11;331;259;239;114
47635;LAVRAS;160;ESCOLA ESTADUAL CINIRA DE CARVALHO;RUA AUGUSTO VIEIRA SILVA 440;264;1147;14;RENAN ANTONIO FERREIRA DOS SANTOS;2,80E+11;389;308;287;6
47635;LAVRAS;160;CAMPUS CARLOTA KEMPER;PRACA DR, AUGUSTO SILVA 616;92;1066;95;VOTO BRANCO;-1;345;255;243;5
47635;LAVRAS;160;ESCOLA ESTADUAL FIRMINO COSTA;RUA BARBOSA LIMA 361;86;1082;22;FLAVIO NANTES BOLSONARO;2,80E+11;388;292;272;156
47635;LAVRAS;160;INSTITUTO GAMMON;PÇA, DR, JORGE 370;124;1120;21;EDMILSON SILVA COSTA;2,80E+11;321;223;210;1
47635;LAVRAS;160;ESCOLA MUNICIPAL PAULO LOURENCO MENICUCCI;RUA LUIZ CARLOS DE SOUZA 33;257;1210;21;EDMILSON SILVA COSTA;2,80E+11;383;302;277;2
47635;LAVRAS;160;E, M, PROFESSOR JOSE LUIZ DE MESQUITA;RUA CECILIA MEIRELES 101;266;1236;80;SAMARA MARTINS DA SILVA FEITOSA;2,80E+11;373;264;243;1
47635;LAVRAS;160;COLEGIO NOSSA SENHORA DE LOURDES;PRAÇA MONSENHOR DOMINGOS PINHEIRO 162;162;1031;95;VOTO BRANCO;-1;315;265;254;4
47635;LAVRAS;160;CAIC - ESCOLA MUNICIPAL ITALIA CAUTIERO FRANCO;RUA RAIMUNDA MARQUES GUIMARAES S/N;104;1163;96;VOTO NULO;-1;375;309;292;8
47635;LAVRAS;160;ESCOLA ESTADUAL CINIRA DE CARVALHO;RUA AUGUSTO VIEIRA SILVA 440;272;1147;96;VOTO NULO;-1;394;296;269;15
47635;LAVRAS;160;ESCOLA MUNICIPAL  ALVARO BOTELHO;PCA, DOUTOR JORGE 130;56;1040;14;RENAN ANTONIO FERREIRA DOS SANTOS;2,80E+11;332;258;242;4
47635;LAVRAS;160;ESCOLA MUNICIPAL PAULO LOURENCO MENICUCCI;RUA LUIZ CARLOS DE SOUZA 33;235;1210;13;LUIZ INÁCIO LULA DA SILVA;2,80E+11;380;299;262;112
47635;LAVRAS;160;CAMPUS CARLOTA KEMPER;PRACA DR, AUGUSTO SILVA 616;72;1066;30;ROMEU ZEMA NETO;2,80E+11;345;244;232;1
47635;LAVRAS;160;ESCOLA ESTADUAL CRISTIANO DE SOUZA;AV, DUQUE DA ROCHA 501;204;1155;14;RENAN ANTONIO FERREIRA DOS SANTOS;2,80E+11;393;308;280;3
47635;LAVRAS;160;ESCOLA MUNICIPAL DOUTORA DAMINA;RUA PEDRO MOURA 269;32;1015;96;VOTO NULO;-1;333;254;245;7
47635;LAVRAS;160;ESCOLA MUNICIPAL DOUTORA DAMINA;RUA PEDRO MOURA 269;33;1015;22;FLAVIO NANTES BOLSONARO;2,80E+11;333;241;228;111
47635;LAVRAS;160;ESCOLA ESTADUAL JOAO BATISTA HERMETO;RUA JAIR FERREIRA 285;42;1023;14;RENAN ANTONIO FERREIRA DOS SANTOS;2,80E+11;387;282;260;2
47635;LAVRAS;160;ESCOLA MUNICIPAL  ALVARO BOTELHO;PCA, DOUTOR JORGE 130;54;1040;22;FLAVIO NANTES BOLSONARO;2,80E+11;332;213;197;96
47635;LAVRAS;160;UNILAVRAS;RUA PADRE JOSE POGGEL 506;226;1139;22;FLAVIO NANTES BOLSONARO;2,80E+11;355;268;262;144
47635;LAVRAS;160;ESCOLA MUNICIPAL PADRE DEHON;AV, ANTONIO VAZ MONTEIRO, 338;106;1104;22;FLAVIO NANTES BOLSONARO;2,80E+11;379;283;263;146
47635;LAVRAS;160;ESCOLA ESTADUAL JOAO BATISTA HERMETO;RUA JAIR FERREIRA 285;45;1023;22;FLAVIO NANTES BOLSONARO;2,80E+11;390;292;263;131
47635;LAVRAS;160;ESCOLA ESTADUAL TIRADENTES;RUA COMANDANTE NÉLIO, N, 07;284;1260;22;FLAVIO NANTES BOLSONARO;2,80E+11;389;317;301;161
47635;LAVRAS;160;ESCOLA MUNICIPAL DOUTORA DAMINA;RUA PEDRO MOURA 269;30;1015;22;FLAVIO NANTES BOLSONARO;2,80E+11;337;246;230;121
47635;LAVRAS;160;ESCOLA ESTADUAL CINIRA DE CARVALHO;RUA AUGUSTO VIEIRA SILVA 440;207;1147;29;RUI COSTA PIMENTA;2,80E+11;388;309;282;1
47635;LAVRAS;160;ESCOLA ESTADUAL CRISTIANO DE SOUZA;AV, DUQUE DA ROCHA 501;236;1155;70;AUGUSTO JORGE CURY;2,80E+11;391;319;303;14
47635;LAVRAS;160;ESCOLA MUNICIPAL DOUTORA DAMINA;RUA PEDRO MOURA 269;210;1015;95;VOTO BRANCO;-1;331;259;239;10
47635;LAVRAS;160;INSTITUTO GAMMON;PÇA, DR, JORGE 370;121;1120;95;VOTO BRANCO;-1;319;251;234;8
47635;LAVRAS;160;CAIC - ESCOLA MUNICIPAL ITALIA CAUTIERO FRANCO;RUA RAIMUNDA MARQUES GUIMARAES S/N;180;1163;70;AUGUSTO JORGE CURY;2,80E+11;367;307;278;9
47635;LAVRAS;160;COLEGIO TIRADENTES;COMANDANTE NELIO S/N;152;1171;22;FLAVIO NANTES BOLSONARO;2,80E+11;382;309;295;158
47635;LAVRAS;160;UNILAVRAS;RUA PADRE JOSE POGGEL 506;128;1139;14;RENAN ANTONIO FERREIRA DOS SANTOS;2,80E+11;358;279;262;7
47635;LAVRAS;160;INSTITUTO GAMMON;PÇA, DR, JORGE 370;120;1120;35;WILSON GRASSI JUNIOR;2,80E+11;319;251;243;1
47635;LAVRAS;160;CAIC - ESCOLA MUNICIPAL ITALIA CAUTIERO FRANCO;RUA RAIMUNDA MARQUES GUIMARAES S/N;159;1163;14;RENAN ANTONIO FERREIRA DOS SANTOS;2,80E+11;371;309;285;9
47635;LAVRAS;160;INSTITUTO GAMMON;PÇA, DR, JORGE 370;190;1120;95;VOTO BRANCO;-1;319;261;243;8
47635;LAVRAS;160;COLEGIO TIRADENTES;COMANDANTE NELIO S/N;199;1171;95;VOTO BRANCO;-1;379;309;295;6
47635;LAVRAS;160;INSTITUTO GAMMON;PÇA, DR, JORGE 370;173;1120;14;RENAN ANTONIO FERREIRA DOS SANTOS;2,80E+11;319;257;243;7
47635;LAVRAS;160;ESCOLA ESTADUAL CRISTIANO DE SOUZA;AV, DUQUE DA ROCHA 501;213;1155;30;ROMEU ZEMA NETO;2,80E+11;381;298;277;1
47635;LAVRAS;160;ESCOLA ESTADUAL AZARIAS RIBEIRO;RUA  ORLANDINO PINTO RIBEIRO 254;62;1058;95;VOTO BRANCO;-1;354;261;240;10
47635;LAVRAS;160;ESCOLA MUNICIPAL  ALVARO BOTELHO;PCA, DOUTOR JORGE 130;187;1040;70;AUGUSTO JORGE CURY;2,80E+11;331;244;228;10
47635;LAVRAS;160;ESCOLA ESTADUAL CRISTIANO DE SOUZA;AV, DUQUE DA ROCHA 501;213;1155;13;LUIZ INÁCIO LULA DA SILVA;2,80E+11;381;298;277;129
47635;LAVRAS;160;ESCOLA ESTADUAL FIRMINO COSTA;RUA BARBOSA LIMA 361;89;1082;70;AUGUSTO JORGE CURY;2,80E+11;391;284;271;7
47635;LAVRAS;160;ESCOLA MUNICIPAL  ALVARO BOTELHO;PCA, DOUTOR JORGE 130;54;1040;14;RENAN ANTONIO FERREIRA DOS SANTOS;2,80E+11;332;213;197;6
47635;LAVRAS;160;ESCOLA MUNICIPAL DOUTORA DAMINA;RUA PEDRO MOURA 269;34;1015;16;HERTZ DA CONCEICAO DIAS;2,80E+11;339;243;231;1
47635;LAVRAS;160;ESCOLA ESTADUAL CINIRA DE CARVALHO;RUA AUGUSTO VIEIRA SILVA 440;178;1147;22;FLAVIO NANTES BOLSONARO;2,80E+11;397;317;292;155
47635;LAVRAS;160;INSTITUTO GAMMON;PÇA, DR, JORGE 370;157;1120;22;FLAVIO NANTES BOLSONARO;2,80E+11;318;251;238;128
47635;LAVRAS;160;ESCOLA ESTADUAL CINIRA DE CARVALHO;RUA AUGUSTO VIEIRA SILVA 440;264;1147;16;HERTZ DA CONCEICAO DIAS;2,80E+11;389;308;287;1
47635;LAVRAS;160;INSTITUTO GAMMON;PÇA, DR, JORGE 370;119;1120;55;RONALDO RAMOS CAIADO;2,80E+11;322;239;229;4
47635;LAVRAS;160;ESCOLA MUNICIPAL DOUTORA DAMINA;RUA PEDRO MOURA 269;185;1015;96;VOTO NULO;-1;334;258;247;11
47635;LAVRAS;160;ESCOLA MUNICIPAL DOUTORA DAMINA;RUA PEDRO MOURA 269;33;1015;27;CLARIANA ZACARKIM BARAO;2,80E+11;333;241;228;1
47635;LAVRAS;160;COLEGIO NOSSA SENHORA DE LOURDES;PRAÇA MONSENHOR DOMINGOS PINHEIRO 162;51;1031;55;RONALDO RAMOS CAIADO;2,80E+11;316;240;231;4
47635;LAVRAS;160;UNILAVRAS;RUA PADRE JOSE POGGEL 506;282;1139;30;ROMEU ZEMA NETO;2,80E+11;360;286;275;3
47635;LAVRAS;160;ESCOLA ESTADUAL AZARIAS RIBEIRO;RUA  ORLANDINO PINTO RIBEIRO 254;244;1058;55;RONALDO RAMOS CAIADO;2,80E+11;352;286;268;5
47635;LAVRAS;160;ESCOLA MUNICIPAL JOSE SERAFIM;RUA HELIO LUCIO DO CARMO 10;227;1201;55;RONALDO RAMOS CAIADO;2,80E+11;302;229;207;5
47635;LAVRAS;160;ESCOLA MUNICIPAL UMBELINA AZEVEDO AVELLAR;AVENIDA ANISIO HADDAD, 10;274;1228;55;RONALDO RAMOS CAIADO;2,80E+11;380;288;266;6
47635;LAVRAS;160;ESCOLA MUNICIPAL  ALVARO BOTELHO;PCA, DOUTOR JORGE 130;58;1040;80;SAMARA MARTINS DA SILVA FEITOSA;2,80E+11;335;242;226;1
47635;LAVRAS;160;CAIC - ESCOLA MUNICIPAL ITALIA CAUTIERO FRANCO;RUA RAIMUNDA MARQUES GUIMARAES S/N;250;1163;13;LUIZ INÁCIO LULA DA SILVA;2,80E+11;369;298;277;97
47635;LAVRAS;160;CAMPUS CARLOTA KEMPER;PRACA DR, AUGUSTO SILVA 616;183;1066;30;ROMEU ZEMA NETO;2,80E+11;345;263;247;2
47635;LAVRAS;160;CAMPUS CARLOTA KEMPER;PRACA DR, AUGUSTO SILVA 616;93;1066;22;FLAVIO NANTES BOLSONARO;2,80E+11;346;243;233;133
47635;LAVRAS;160;ESCOLA MUNICIPAL PAULO MENICUCCI;RUA AGRIPINO AUGUSTO ANDRADE 425;203;1112;95;VOTO BRANCO;-1;283;234;215;7
47635;LAVRAS;160;ESCOLA ESTADUAL AZARIAS RIBEIRO;RUA  ORLANDINO PINTO RIBEIRO 254;62;1058;30;ROMEU ZEMA NETO;2,80E+11;354;261;240;1
47635;LAVRAS;160;COLEGIO TIRADENTES;COMANDANTE NELIO S/N;69;1171;70;AUGUSTO JORGE CURY;2,80E+11;382;283;269;7
47635;LAVRAS;160;ESCOLA MUNICIPAL PAULO MENICUCCI;RUA AGRIPINO AUGUSTO ANDRADE 425;112;1112;21;EDMILSON SILVA COSTA;2,80E+11;272;190;170;1
47635;LAVRAS;160;ESCOLA MUNICIPAL OSCAR BOTELHO;RUA JOAQUIM CARLOS ALVARENGA 268;77;1074;22;FLAVIO NANTES BOLSONARO;2,80E+11;341;247;222;94
47635;LAVRAS;160;ESCOLA MUNICIPAL  ALVARO BOTELHO;PCA, DOUTOR JORGE 130;187;1040;22;FLAVIO NANTES BOLSONARO;2,80E+11;331;244;228;112
47635;LAVRAS;160;ESCOLA MUNICIPAL DOUTORA DAMINA;RUA PEDRO MOURA 269;32;1015;21;EDMILSON SILVA COSTA;2,80E+11;333;254;245;1
47635;LAVRAS;160;ESCOLA ESTADUAL FIRMINO COSTA;RUA BARBOSA LIMA 361;192;1082;21;EDMILSON SILVA COSTA;2,80E+11;389;297;280;1
47635;LAVRAS;160;INSTITUTO GAMMON;PÇA, DR, JORGE 370;123;1120;21;EDMILSON SILVA COSTA;2,80E+11;317;239;228;1
47635;LAVRAS;160;CAIC - ESCOLA MUNICIPAL ITALIA CAUTIERO FRANCO;RUA RAIMUNDA MARQUES GUIMARAES S/N;103;1163;95;VOTO BRANCO;-1;371;268;249;7
47635;LAVRAS;160;COLEGIO TIRADENTES;COMANDANTE NELIO S/N;158;1171;55;RONALDO RAMOS CAIADO;2,80E+11;384;310;295;8
47635;LAVRAS;160;ESCOLA MUNICIPAL OSCAR BOTELHO;RUA JOAQUIM CARLOS ALVARENGA 268;78;1074;95;VOTO BRANCO;-1;341;220;198;10
47635;LAVRAS;160;ESCOLA MUNICIPAL DOUTORA DAMINA;RUA PEDRO MOURA 269;210;1015;55;RONALDO RAMOS CAIADO;2,80E+11;331;259;239;7
47635;LAVRAS;160;ESCOLA MUNICIPAL JOSE SERAFIM;RUA HELIO LUCIO DO CARMO 10;214;1201;55;RONALDO RAMOS CAIADO;2,80E+11;303;236;198;4
47635;LAVRAS;160;ESCOLA ESTADUAL JOAO BATISTA HERMETO;RUA JAIR FERREIRA 285;278;1023;80;SAMARA MARTINS DA SILVA FEITOSA;2,80E+11;389;293;274;1
47635;LAVRAS;160;ESCOLA MUNICIPAL DOUTORA DAMINA;RUA PEDRO MOURA 269;36;1015;14;RENAN ANTONIO FERREIRA DOS SANTOS;2,80E+11;336;255;244;2
47635;LAVRAS;160;ESCOLA ESTADUAL CINIRA DE CARVALHO;RUA AUGUSTO VIEIRA SILVA 440;230;1147;96;VOTO NULO;-1;392;305;275;18
47635;LAVRAS;160;ESCOLA MUNICIPAL PAULO LOURENCO MENICUCCI;RUA LUIZ CARLOS DE SOUZA 33;235;1210;30;ROMEU ZEMA NETO;2,80E+11;380;299;262;4
47635;LAVRAS;160;ESCOLA MUNICIPAL OSCAR BOTELHO;RUA JOAQUIM CARLOS ALVARENGA 268;75;1074;95;VOTO BRANCO;-1;343;241;214;19
47635;LAVRAS;160;ESCOLA MUNICIPAL OSCAR BOTELHO;RUA JOAQUIM CARLOS ALVARENGA 268;79;1074;22;FLAVIO NANTES BOLSONARO;2,80E+11;343;282;248;119
47635;LAVRAS;160;E, M, PROFESSOR JOSE LUIZ DE MESQUITA;RUA CECILIA MEIRELES 101;193;1236;30;ROMEU ZEMA NETO;2,80E+11;368;267;243;4
47635;LAVRAS;160;ESCOLA MUNICIPAL PAULO MENICUCCI;RUA AGRIPINO AUGUSTO ANDRADE 425;113;1112;95;VOTO BRANCO;-1;287;212;195;9
47635;LAVRAS;160;COLEGIO NOSSA SENHORA DE LOURDES;PRAÇA MONSENHOR DOMINGOS PINHEIRO 162;151;1031;95;VOTO BRANCO;-1;317;249;233;9
47635;LAVRAS;160;ESCOLA MUNICIPAL JOSE SERAFIM;RUA HELIO LUCIO DO CARMO 10;227;1201;95;VOTO BRANCO;-1;302;229;207;6
47635;LAVRAS;160;E, M, PROFESSOR JOSE LUIZ DE MESQUITA;RUA CECILIA MEIRELES 101;206;1236;95;VOTO BRANCO;-1;372;279;247;16
47635;LAVRAS;160;ESCOLA MUNICIPAL OSCAR BOTELHO;RUA JOAQUIM CARLOS ALVARENGA 268;75;1074;30;ROMEU ZEMA NETO;2,80E+11;343;241;214;2
47635;LAVRAS;160;ESCOLA MUNICIPAL PAULO MENICUCCI;RUA AGRIPINO AUGUSTO ANDRADE 425;154;1112;30;ROMEU ZEMA NETO;2,80E+11;286;219;189;1
47635;LAVRAS;160;ESCOLA ESTADUAL FIRMINO COSTA;RUA BARBOSA LIMA 361;205;1082;14;RENAN ANTONIO FERREIRA DOS SANTOS;2,80E+11;391;293;275;13
47635;LAVRAS;160;ESCOLA ESTADUAL JOAO BATISTA HERMETO;RUA JAIR FERREIRA 285;37;1023;95;VOTO BRANCO;-1;388;280;266;5
47635;LAVRAS;160;ESCOLA ESTADUAL CINIRA DE CARVALHO;RUA AUGUSTO VIEIRA SILVA 440;258;1147;13;LUIZ INÁCIO LULA DA SILVA;2,80E+11;393;278;256;102
47635;LAVRAS;160;ESCOLA ESTADUAL TIRADENTES;RUA COMANDANTE NÉLIO, N, 07;269;1260;13;LUIZ INÁCIO LULA DA SILVA;2,80E+11;389;305;287;100
47635;LAVRAS;160;ESCOLA ESTADUAL JOAO BATISTA HERMETO;RUA JAIR FERREIRA 285;278;1023;30;ROMEU ZEMA NETO;2,80E+11;389;293;274;3
47635;LAVRAS;160;COLEGIO NOSSA SENHORA DE LOURDES;PRAÇA MONSENHOR DOMINGOS PINHEIRO 162;172;1031;13;LUIZ INÁCIO LULA DA SILVA;2,80E+11;314;253;244;93
47635;LAVRAS;160;CAMPUS CARLOTA KEMPER;PRACA DR, AUGUSTO SILVA 616;183;1066;13;LUIZ INÁCIO LULA DA SILVA;2,80E+11;345;263;247;81
47635;LAVRAS;160;INSTITUTO GAMMON;PÇA, DR, JORGE 370;121;1120;30;ROMEU ZEMA NETO;2,80E+11;319;251;234;4
47635;LAVRAS;160;E, M, PROFESSOR JOSE LUIZ DE MESQUITA;RUA CECILIA MEIRELES 101;283;1236;95;VOTO BRANCO;-1;369;268;241;11
47635;LAVRAS;160;ESCOLA ESTADUAL AZARIAS RIBEIRO;RUA  ORLANDINO PINTO RIBEIRO 254;198;1058;70;AUGUSTO JORGE CURY;2,80E+11;343;268;253;11
47635;LAVRAS;160;INSTITUTO GAMMON;PÇA, DR, JORGE 370;117;1120;70;AUGUSTO JORGE CURY;2,80E+11;321;226;214;8
47635;LAVRAS;160;ESCOLA MUNICIPAL UMBELINA AZEVEDO AVELLAR;AVENIDA ANISIO HADDAD, 10;260;1228;70;AUGUSTO JORGE CURY;2,80E+11;382;303;275;12
47635;LAVRAS;160;CAIC - ESCOLA MUNICIPAL ITALIA CAUTIERO FRANCO;RUA RAIMUNDA MARQUES GUIMARAES S/N;102;1163;55;RONALDO RAMOS CAIADO;2,80E+11;376;275;259;5
47635;LAVRAS;160;ESCOLA ESTADUAL CRISTIANO DE SOUZA;AV, DUQUE DA ROCHA 501;261;1155;55;RONALDO RAMOS CAIADO;2,80E+11;389;303;281;3
47635;LAVRAS;160;ESCOLA MUNICIPAL FRANCISCO SALES;RUA SANTOS PENONI S/N;100;1090;13;LUIZ INÁCIO LULA DA SILVA;2,80E+11;399;284;264;120
47635;LAVRAS;160;ESCOLA ESTADUAL CRISTIANO DE SOUZA;AV, DUQUE DA ROCHA 501;280;1155;35;WILSON GRASSI JUNIOR;2,80E+11;386;293;267;1
47635;LAVRAS;160;CAIC - ESCOLA MUNICIPAL ITALIA CAUTIERO FRANCO;RUA RAIMUNDA MARQUES GUIMARAES S/N;159;1163;30;ROMEU ZEMA NETO;2,80E+11;371;309;285;3
47635;LAVRAS;160;ESCOLA ESTADUAL AZARIAS RIBEIRO;RUA  ORLANDINO PINTO RIBEIRO 254;67;1058;30;ROMEU ZEMA NETO;2,80E+11;352;266;243;2
47635;LAVRAS;160;CAIC - ESCOLA MUNICIPAL ITALIA CAUTIERO FRANCO;RUA RAIMUNDA MARQUES GUIMARAES S/N;104;1163;30;ROMEU ZEMA NETO;2,80E+11;375;309;292;4
47635;LAVRAS;160;COLEGIO NOSSA SENHORA DE LOURDES;PRAÇA MONSENHOR DOMINGOS PINHEIRO 162;48;1031;13;LUIZ INÁCIO LULA DA SILVA;2,80E+11;317;234;228;83
47635;LAVRAS;160;ESCOLA MUNICIPAL FRANCISCO SALES;RUA SANTOS PENONI S/N;100;1090;55;RONALDO RAMOS CAIADO;2,80E+11;399;284;264;9
47635;LAVRAS;160;ESCOLA ESTADUAL CINIRA DE CARVALHO;RUA AUGUSTO VIEIRA SILVA 440;178;1147;96;VOTO NULO;-1;397;317;292;18
47635;LAVRAS;160;ESCOLA ESTADUAL JOAO BATISTA HERMETO;RUA JAIR FERREIRA 285;39;1023;96;VOTO NULO;-1;393;300;276;18
47635;LAVRAS;160;ESCOLA ESTADUAL CRISTIANO DE SOUZA;AV, DUQUE DA ROCHA 501;241;1155;96;VOTO NULO;-1;384;301;276;9
47635;LAVRAS;160;E, M, PROFESSOR ÉDIO DO NASCIMENTO BIRINDIBA;ESTAÇÃO FERROVIÁRIA DO ITIRAPUAN;238;1244;96;VOTO NULO;-1;319;192;181;6
47635;LAVRAS;160;CAIC - ESCOLA MUNICIPAL ITALIA CAUTIERO FRANCO;RUA RAIMUNDA MARQUES GUIMARAES S/N;202;1163;55;RONALDO RAMOS CAIADO;2,80E+11;371;305;286;9
47635;LAVRAS;160;COLEGIO TIRADENTES;COMANDANTE NELIO S/N;208;1171;55;RONALDO RAMOS CAIADO;2,80E+11;381;303;287;2
47635;LAVRAS;160;UNILAVRAS;RUA PADRE JOSE POGGEL 506;128;1139;96;VOTO NULO;-1;358;279;262;13
47635;LAVRAS;160;ESCOLA ESTADUAL FIRMINO COSTA;RUA BARBOSA LIMA 361;85;1082;96;VOTO NULO;-1;389;279;263;10
47635;LAVRAS;160;COLEGIO TIRADENTES;COMANDANTE NELIO S/N;215;1171;13;LUIZ INÁCIO LULA DA SILVA;2,80E+11;380;302;289;101
47635;LAVRAS;160;ESCOLA MUNICIPAL  ALVARO BOTELHO;PCA, DOUTOR JORGE 130;56;1040;96;VOTO NULO;-1;332;258;242;10
47635;LAVRAS;160;UNILAVRAS;RUA PADRE JOSE POGGEL 506;149;1139;96;VOTO NULO;-1;358;293;282;9
47635;LAVRAS;160;ESCOLA ESTADUAL FIRMINO COSTA;RUA BARBOSA LIMA 361;192;1082;55;RONALDO RAMOS CAIADO;2,80E+11;389;297;280;7
47635;LAVRAS;160;ESCOLA ESTADUAL JOAO BATISTA HERMETO;RUA JAIR FERREIRA 285;38;1023;55;RONALDO RAMOS CAIADO;2,80E+11;389;291;273;3
47635;LAVRAS;160;ESCOLA MUNICIPAL OSCAR BOTELHO;RUA JOAQUIM CARLOS ALVARENGA 268;78;1074;13;LUIZ INÁCIO LULA DA SILVA;2,80E+11;341;220;198;100
47635;LAVRAS;160;ESCOLA MUNICIPAL UMBELINA AZEVEDO AVELLAR;AVENIDA ANISIO HADDAD, 10;260;1228;30;ROMEU ZEMA NETO;2,80E+11;382;303;275;2
47635;LAVRAS;160;ESCOLA ESTADUAL JOAO BATISTA HERMETO;RUA JAIR FERREIRA 285;43;1023;22;FLAVIO NANTES BOLSONARO;2,80E+11;388;282;262;129
47635;LAVRAS;160;ESCOLA ESTADUAL FIRMINO COSTA;RUA BARBOSA LIMA 361;87;1082;13;LUIZ INÁCIO LULA DA SILVA;2,80E+11;387;252;235;82
47635;LAVRAS;160;COLEGIO TIRADENTES;COMANDANTE NELIO S/N;152;1171;13;LUIZ INÁCIO LULA DA SILVA;2,80E+11;382;309;295;112
47635;LAVRAS;160;ESCOLA ESTADUAL FIRMINO COSTA;RUA BARBOSA LIMA 361;81;1082;55;RONALDO RAMOS CAIADO;2,80E+11;391;266;254;5
47635;LAVRAS;160;ESCOLA ESTADUAL CINIRA DE CARVALHO;RUA AUGUSTO VIEIRA SILVA 440;240;1147;95;VOTO BRANCO;-1;394;302;272;11
47635;LAVRAS;160;ESCOLA ESTADUAL CINIRA DE CARVALHO;RUA AUGUSTO VIEIRA SILVA 440;240;1147;13;LUIZ INÁCIO LULA DA SILVA;2,80E+11;394;302;272;97
47635;LAVRAS;160;ESCOLA ESTADUAL AZARIAS RIBEIRO;RUA  ORLANDINO PINTO RIBEIRO 254;244;1058;30;ROMEU ZEMA NETO;2,80E+11;352;286;268;5
47635;LAVRAS;160;ESCOLA ESTADUAL FIRMINO COSTA;RUA BARBOSA LIMA 361;80;1082;14;RENAN ANTONIO FERREIRA DOS SANTOS;2,80E+11;381;268;248;6
47635;LAVRAS;160;ESCOLA ESTADUAL TIRADENTES;RUA COMANDANTE NÉLIO, N, 07;269;1260;96;VOTO NULO;-1;389;305;287;14
47635;LAVRAS;160;E, M, PROFESSOR JOSE LUIZ DE MESQUITA;RUA CECILIA MEIRELES 101;266;1236;70;AUGUSTO JORGE CURY;2,80E+11;373;264;243;6
47635;LAVRAS;160;CAIC - ESCOLA MUNICIPAL ITALIA CAUTIERO FRANCO;RUA RAIMUNDA MARQUES GUIMARAES S/N;218;1163;30;ROMEU ZEMA NETO;2,80E+11;371;292;270;4
47635;LAVRAS;160;INSTITUTO GAMMON;PÇA, DR, JORGE 370;121;1120;14;RENAN ANTONIO FERREIRA DOS SANTOS;2,80E+11;319;251;234;9
47635;LAVRAS;160;ESCOLA ESTADUAL AZARIAS RIBEIRO;RUA  ORLANDINO PINTO RIBEIRO 254;198;1058;95;VOTO BRANCO;-1;343;268;253;7
47635;LAVRAS;160;ESCOLA MUNICIPAL PAULO MENICUCCI;RUA AGRIPINO AUGUSTO ANDRADE 425;112;1112;95;VOTO BRANCO;-1;272;190;170;4
47635;LAVRAS;160;UNILAVRAS;RUA PADRE JOSE POGGEL 506;226;1139;30;ROMEU ZEMA NETO;2,80E+11;355;268;262;3
47635;LAVRAS;160;ESCOLA ESTADUAL CRISTIANO DE SOUZA;AV, DUQUE DA ROCHA 501;197;1155;30;ROMEU ZEMA NETO;2,80E+11;385;295;264;7
47635;LAVRAS;160;ESCOLA ESTADUAL CRISTIANO DE SOUZA;AV, DUQUE DA ROCHA 501;280;1155;13;LUIZ INÁCIO LULA DA SILVA;2,80E+11;386;293;267;136
47635;LAVRAS;160;INSTITUTO GAMMON;PÇA, DR, JORGE 370;173;1120;70;AUGUSTO JORGE CURY;2,80E+11;319;257;243;10
47635;LAVRAS;160;ESCOLA ESTADUAL JOAO BATISTA HERMETO;RUA JAIR FERREIRA 285;39;1023;30;ROMEU ZEMA NETO;2,80E+11;393;300;276;2
47635;LAVRAS;160;CAMPUS CARLOTA KEMPER;PRACA DR, AUGUSTO SILVA 616;92;1066;14;RENAN ANTONIO FERREIRA DOS SANTOS;2,80E+11;345;255;243;7
47635;LAVRAS;160;ESCOLA ESTADUAL FIRMINO COSTA;RUA BARBOSA LIMA 361;216;1082;55;RONALDO RAMOS CAIADO;2,80E+11;385;286;277;8
47635;LAVRAS;160;ESCOLA ESTADUAL CRISTIANO DE SOUZA;AV, DUQUE DA ROCHA 501;225;1155;80;SAMARA MARTINS DA SILVA FEITOSA;2,80E+11;390;295;274;1
47635;LAVRAS;160;ESCOLA MUNICIPAL UMBELINA AZEVEDO AVELLAR;AVENIDA ANISIO HADDAD, 10;286;1228;55;RONALDO RAMOS CAIADO;2,80E+11;158;137;116;3
47635;LAVRAS;160;ESCOLA ESTADUAL CINIRA DE CARVALHO;RUA AUGUSTO VIEIRA SILVA 440;220;1147;55;RONALDO RAMOS CAIADO;2,80E+11;395;306;276;8
47635;LAVRAS;160;CAMPUS CARLOTA KEMPER;PRACA DR, AUGUSTO SILVA 616;93;1066;14;RENAN ANTONIO FERREIRA DOS SANTOS;2,80E+11;346;243;233;6
47635;LAVRAS;160;ESCOLA MUNICIPAL OSCAR BOTELHO;RUA JOAQUIM CARLOS ALVARENGA 268;77;1074;13;LUIZ INÁCIO LULA DA SILVA;2,80E+11;341;247;222;114
47635;LAVRAS;160;ESCOLA MUNICIPAL  ALVARO BOTELHO;PCA, DOUTOR JORGE 130;58;1040;55;RONALDO RAMOS CAIADO;2,80E+11;335;242;226;5
47635;LAVRAS;160;INSTITUTO GAMMON;PÇA, DR, JORGE 370;190;1120;30;ROMEU ZEMA NETO;2,80E+11;319;261;243;1
47635;LAVRAS;160;COLEGIO NOSSA SENHORA DE LOURDES;PRAÇA MONSENHOR DOMINGOS PINHEIRO 162;48;1031;30;ROMEU ZEMA NETO;2,80E+11;317;234;228;1
47635;LAVRAS;160;ESCOLA MUNICIPAL PADRE DEHON;AV, ANTONIO VAZ MONTEIRO, 338;107;1104;70;AUGUSTO JORGE CURY;2,80E+11;379;296;274;10
47635;LAVRAS;160;ESCOLA ESTADUAL CINIRA DE CARVALHO;RUA AUGUSTO VIEIRA SILVA 440;207;1147;96;VOTO NULO;-1;388;309;282;13
47635;LAVRAS;160;ESCOLA ESTADUAL AZARIAS RIBEIRO;RUA  ORLANDINO PINTO RIBEIRO 254;62;1058;96;VOTO NULO;-1;354;261;240;11
47635;LAVRAS;160;ESCOLA ESTADUAL AZARIAS RIBEIRO;RUA  ORLANDINO PINTO RIBEIRO 254;62;1058;55;RONALDO RAMOS CAIADO;2,80E+11;354;261;240;12
47635;LAVRAS;160;COLEGIO TIRADENTES;COMANDANTE NELIO S/N;69;1171;96;VOTO NULO;-1;382;283;269;8
47635;LAVRAS;160;ESCOLA MUNICIPAL OSCAR BOTELHO;RUA JOAQUIM CARLOS ALVARENGA 268;164;1074;55;RONALDO RAMOS CAIADO;2,80E+11;343;271;251;9
47635;LAVRAS;160;ESCOLA ESTADUAL CRISTIANO DE SOUZA;AV, DUQUE DA ROCHA 501;197;1155;96;VOTO NULO;-1;385;295;264;19
47635;LAVRAS;160;CAIC - ESCOLA MUNICIPAL ITALIA CAUTIERO FRANCO;RUA RAIMUNDA MARQUES GUIMARAES S/N;234;1163;96;VOTO NULO;-1;371;303;274;22
47635;LAVRAS;160;ESCOLA ESTADUAL FIRMINO COSTA;RUA BARBOSA LIMA 361;89;1082;55;RONALDO RAMOS CAIADO;2,80E+11;391;284;271;12
47635;LAVRAS;160;ESCOLA MUNICIPAL PAULO MENICUCCI;RUA AGRIPINO AUGUSTO ANDRADE 425;171;1112;30;ROMEU ZEMA NETO;2,80E+11;284;233;206;2
47635;LAVRAS;160;INSTITUTO GAMMON;PÇA, DR, JORGE 370;122;1120;30;ROMEU ZEMA NETO;2,80E+11;318;241;230;7
47635;LAVRAS;160;ESCOLA ESTADUAL CRISTIANO DE SOUZA;AV, DUQUE DA ROCHA 501;204;1155;80;SAMARA MARTINS DA SILVA FEITOSA;2,80E+11;393;308;280;1
47635;LAVRAS;160;ESCOLA ESTADUAL AZARIAS RIBEIRO;RUA  ORLANDINO PINTO RIBEIRO 254;60;1058;80;SAMARA MARTINS DA SILVA FEITOSA;2,80E+11;358;252;236;1
47635;LAVRAS;160;ESCOLA MUNICIPAL DOUTORA DAMINA;RUA PEDRO MOURA 269;34;1015;30;ROMEU ZEMA NETO;2,80E+11;339;243;231;4
47635;LAVRAS;160;ESCOLA MUNICIPAL FRANCISCO SALES;RUA SANTOS PENONI S/N;97;1090;70;AUGUSTO JORGE CURY;2,80E+11;401;286;263;4
47635;LAVRAS;160;ESCOLA MUNICIPAL UMBELINA AZEVEDO AVELLAR;AVENIDA ANISIO HADDAD, 10;279;1228;70;AUGUSTO JORGE CURY;2,80E+11;385;277;257;8
47635;LAVRAS;160;ESCOLA MUNICIPAL FRANCISCO SALES;RUA SANTOS PENONI S/N;98;1090;70;AUGUSTO JORGE CURY;2,80E+11;396;273;257;9
47635;LAVRAS;160;COLEGIO TIRADENTES;COMANDANTE NELIO S/N;231;1171;70;AUGUSTO JORGE CURY;2,80E+11;374;294;275;11
47635;LAVRAS;160;COLEGIO NOSSA SENHORA DE LOURDES;PRAÇA MONSENHOR DOMINGOS PINHEIRO 162;196;1031;55;RONALDO RAMOS CAIADO;2,80E+11;310;247;233;3
47635;LAVRAS;160;ESCOLA ESTADUAL CINIRA DE CARVALHO;RUA AUGUSTO VIEIRA SILVA 440;161;1147;95;VOTO BRANCO;-1;398;284;266;7
47635;LAVRAS;160;ESCOLA ESTADUAL CRISTIANO DE SOUZA;AV, DUQUE DA ROCHA 501;241;1155;55;RONALDO RAMOS CAIADO;2,80E+11;384;301;276;10
47635;LAVRAS;160;ESCOLA MUNICIPAL PADRE DEHON;AV, ANTONIO VAZ MONTEIRO, 338;107;1104;55;RONALDO RAMOS CAIADO;2,80E+11;379;296;274;7
47635;LAVRAS;160;ESCOLA MUNICIPAL PADRE DEHON;AV, ANTONIO VAZ MONTEIRO, 338;105;1104;55;RONALDO RAMOS CAIADO;2,80E+11;383;293;275;5
47635;LAVRAS;160;ESCOLA ESTADUAL JOAO BATISTA HERMETO;RUA JAIR FERREIRA 285;46;1023;22;FLAVIO NANTES BOLSONARO;2,80E+11;384;296;276;142
47635;LAVRAS;160;ESCOLA ESTADUAL CRISTIANO DE SOUZA;AV, DUQUE DA ROCHA 501;275;1155;30;ROMEU ZEMA NETO;2,80E+11;394;322;298;4
47635;LAVRAS;160;ESCOLA ESTADUAL CINIRA DE CARVALHO;RUA AUGUSTO VIEIRA SILVA 440;161;1147;30;ROMEU ZEMA NETO;2,80E+11;398;284;266;4
47635;LAVRAS;160;CAMPUS CARLOTA KEMPER;PRACA DR, AUGUSTO SILVA 616;253;1066;13;LUIZ INÁCIO LULA DA SILVA;2,80E+11;344;268;262;102
47635;LAVRAS;160;ESCOLA MUNICIPAL PAULO MENICUCCI;RUA AGRIPINO AUGUSTO ANDRADE 425;154;1112;14;RENAN ANTONIO FERREIRA DOS SANTOS;2,80E+11;286;219;189;1
47635;LAVRAS;160;CAIC - ESCOLA MUNICIPAL ITALIA CAUTIERO FRANCO;RUA RAIMUNDA MARQUES GUIMARAES S/N;180;1163;96;VOTO NULO;-1;367;307;278;15
47635;LAVRAS;160;ESCOLA ESTADUAL JOAO BATISTA HERMETO;RUA JAIR FERREIRA 285;43;1023;96;VOTO NULO;-1;388;282;262;14
47635;LAVRAS;160;ESCOLA ESTADUAL CRISTIANO DE SOUZA;AV, DUQUE DA ROCHA 501;213;1155;70;AUGUSTO JORGE CURY;2,80E+11;381;298;277;9
47635;LAVRAS;160;COLEGIO TIRADENTES;COMANDANTE NELIO S/N;68;1171;96;VOTO NULO;-1;381;293;279;8
47635;LAVRAS;160;ESCOLA MUNICIPAL PAULO MENICUCCI;RUA AGRIPINO AUGUSTO ANDRADE 425;112;1112;27;CLARIANA ZACARKIM BARAO;2,80E+11;272;190;170;1
47635;LAVRAS;160;ESCOLA ESTADUAL FIRMINO COSTA;RUA BARBOSA LIMA 361;81;1082;96;VOTO NULO;-1;391;266;254;6
47635;LAVRAS;160;ESCOLA ESTADUAL CINIRA DE CARVALHO;RUA AUGUSTO VIEIRA SILVA 440;184;1147;95;VOTO BRANCO;-1;393;303;280;5
47635;LAVRAS;160;ESCOLA ESTADUAL CRISTIANO DE SOUZA;AV, DUQUE DA ROCHA 501;179;1155;95;VOTO BRANCO;-1;387;311;275;12
47635;LAVRAS;160;COLEGIO NOSSA SENHORA DE LOURDES;PRAÇA MONSENHOR DOMINGOS PINHEIRO 162;47;1031;70;AUGUSTO JORGE CURY;2,80E+11;315;235;223;4
47635;LAVRAS;160;ESCOLA ESTADUAL FIRMINO COSTA;RUA BARBOSA LIMA 361;192;1082;70;AUGUSTO JORGE CURY;2,80E+11;389;297;280;13
47635;LAVRAS;160;CAIC - ESCOLA MUNICIPAL ITALIA CAUTIERO FRANCO;RUA RAIMUNDA MARQUES GUIMARAES S/N;268;1163;70;AUGUSTO JORGE CURY;2,80E+11;374;291;274;15
47635;LAVRAS;160;ESCOLA ESTADUAL CINIRA DE CARVALHO;RUA AUGUSTO VIEIRA SILVA 440;166;1147;30;ROMEU ZEMA NETO;2,80E+11;394;311;283;2
47635;LAVRAS;160;ESCOLA MUNICIPAL PADRE DEHON;AV, ANTONIO VAZ MONTEIRO, 338;106;1104;14;RENAN ANTONIO FERREIRA DOS SANTOS;2,80E+11;379;283;263;6
47635;LAVRAS;160;COLEGIO TIRADENTES;COMANDANTE NELIO S/N;68;1171;30;ROMEU ZEMA NETO;2,80E+11;381;293;279;1
47635;LAVRAS;160;ESCOLA MUNICIPAL PAULO MENICUCCI;RUA AGRIPINO AUGUSTO ANDRADE 425;111;1112;96;VOTO NULO;-1;274;194;174;9
47635;LAVRAS;160;CAMPUS CARLOTA KEMPER;PRACA DR, AUGUSTO SILVA 616;71;1066;70;AUGUSTO JORGE CURY;2,80E+11;345;245;238;4
47635;LAVRAS;160;E, M, PROFESSOR JOSE LUIZ DE MESQUITA;RUA CECILIA MEIRELES 101;193;1236;96;VOTO NULO;-1;368;267;243;9
47635;LAVRAS;160;ESCOLA ESTADUAL AZARIAS RIBEIRO;RUA  ORLANDINO PINTO RIBEIRO 254;61;1058;96;VOTO NULO;-1;354;245;229;7
47635;LAVRAS;160;ESCOLA MUNICIPAL PAULO LOURENCO MENICUCCI;RUA LUIZ CARLOS DE SOUZA 33;276;1210;16;HERTZ DA CONCEICAO DIAS;2,80E+11;381;304;277;1
47635;LAVRAS;160;ESCOLA ESTADUAL FIRMINO COSTA;RUA BARBOSA LIMA 361;84;1082;80;SAMARA MARTINS DA SILVA FEITOSA;2,80E+11;389;276;266;1
47635;LAVRAS;160;ESCOLA MUNICIPAL DOUTORA DAMINA;RUA PEDRO MOURA 269;33;1015;95;VOTO BRANCO;-1;333;241;228;5
47635;LAVRAS;160;COLEGIO NOSSA SENHORA DE LOURDES;PRAÇA MONSENHOR DOMINGOS PINHEIRO 162;53;1031;95;VOTO BRANCO;-1;312;243;230;6
47635;LAVRAS;160;ESCOLA MUNICIPAL DOUTORA DAMINA;RUA PEDRO MOURA 269;34;1015;70;AUGUSTO JORGE CURY;2,80E+11;339;243;231;7
47635;LAVRAS;160;ESCOLA MUNICIPAL OSCAR BOTELHO;RUA JOAQUIM CARLOS ALVARENGA 268;177;1074;70;AUGUSTO JORGE CURY;2,80E+11;340;274;247;9
47635;LAVRAS;160;ESCOLA MUNICIPAL  ALVARO BOTELHO;PCA, DOUTOR JORGE 130;55;1040;55;RONALDO RAMOS CAIADO;2,80E+11;328;231;219;6
47635;LAVRAS;160;ESCOLA MUNICIPAL  ALVARO BOTELHO;PCA, DOUTOR JORGE 130;59;1040;96;VOTO NULO;-1;336;256;242;12
47635;LAVRAS;160;ESCOLA MUNICIPAL  ALVARO BOTELHO;PCA, DOUTOR JORGE 130;55;1040;96;VOTO NULO;-1;328;231;219;8
47635;LAVRAS;160;ESCOLA ESTADUAL CINIRA DE CARVALHO;RUA AUGUSTO VIEIRA SILVA 440;258;1147;96;VOTO NULO;-1;393;278;256;9
47635;LAVRAS;160;ESCOLA ESTADUAL FIRMINO COSTA;RUA BARBOSA LIMA 361;82;1082;13;LUIZ INÁCIO LULA DA SILVA;2,80E+11;392;278;262;105
47635;LAVRAS;160;ESCOLA ESTADUAL AZARIAS RIBEIRO;RUA  ORLANDINO PINTO RIBEIRO 254;198;1058;96;VOTO NULO;-1;343;268;253;8
47635;LAVRAS;160;COLEGIO NOSSA SENHORA DE LOURDES;PRAÇA MONSENHOR DOMINGOS PINHEIRO 162;50;1031;96;VOTO NULO;-1;311;226;213;10
47635;LAVRAS;160;COLEGIO TIRADENTES;COMANDANTE NELIO S/N;231;1171;96;VOTO NULO;-1;374;294;275;12
47635;LAVRAS;160;ESCOLA ESTADUAL FIRMINO COSTA;RUA BARBOSA LIMA 361;205;1082;22;FLAVIO NANTES BOLSONARO;2,80E+11;391;293;275;153
47635;LAVRAS;160;ESCOLA ESTADUAL JOAO BATISTA HERMETO;RUA JAIR FERREIRA 285;43;1023;14;RENAN ANTONIO FERREIRA DOS SANTOS;2,80E+11;388;282;262;13
47635;LAVRAS;160;ESCOLA ESTADUAL CRISTIANO DE SOUZA;AV, DUQUE DA ROCHA 501;275;1155;14;RENAN ANTONIO FERREIRA DOS SANTOS;2,80E+11;394;322;298;11
47635;LAVRAS;160;ESCOLA MUNICIPAL DOUTORA DAMINA;RUA PEDRO MOURA 269;36;1015;22;FLAVIO NANTES BOLSONARO;2,80E+11;336;255;244;134
47635;LAVRAS;160;ESCOLA ESTADUAL CINIRA DE CARVALHO;RUA AUGUSTO VIEIRA SILVA 440;220;1147;22;FLAVIO NANTES BOLSONARO;2,80E+11;395;306;276;128
47635;LAVRAS;160;COLEGIO TIRADENTES;COMANDANTE NELIO S/N;245;1171;95;VOTO BRANCO;-1;377;278;260;7
47635;LAVRAS;160;ESCOLA ESTADUAL FIRMINO COSTA;RUA BARBOSA LIMA 361;237;1082;22;FLAVIO NANTES BOLSONARO;2,80E+11;386;297;278;146
47635;LAVRAS;160;ESCOLA MUNICIPAL PAULO MENICUCCI;RUA AGRIPINO AUGUSTO ANDRADE 425;112;1112;22;FLAVIO NANTES BOLSONARO;2,80E+11;272;190;170;72
47635;LAVRAS;160;ESCOLA MUNICIPAL UMBELINA AZEVEDO AVELLAR;AVENIDA ANISIO HADDAD, 10;274;1228;22;FLAVIO NANTES BOLSONARO;2,80E+11;380;288;266;119
47635;LAVRAS;160;ESCOLA MUNICIPAL PAULO MENICUCCI;RUA AGRIPINO AUGUSTO ANDRADE 425;217;1112;22;FLAVIO NANTES BOLSONARO;2,80E+11;283;226;199;83
47635;LAVRAS;160;COLEGIO TIRADENTES;COMANDANTE NELIO S/N;68;1171;22;FLAVIO NANTES BOLSONARO;2,80E+11;381;293;279;163
47635;LAVRAS;160;ESCOLA ESTADUAL CRISTIANO DE SOUZA;AV, DUQUE DA ROCHA 501;254;1155;95;VOTO BRANCO;-1;390;301;274;8
47635;LAVRAS;160;CAMPUS CARLOTA KEMPER;PRACA DR, AUGUSTO SILVA 616;94;1066;70;AUGUSTO JORGE CURY;2,80E+11;342;246;239;7
47635;LAVRAS;160;CAMPUS CARLOTA KEMPER;PRACA DR, AUGUSTO SILVA 616;71;1066;95;VOTO BRANCO;-1;345;245;238;2
47635;LAVRAS;160;CAMPUS CARLOTA KEMPER;PRACA DR, AUGUSTO SILVA 616;183;1066;29;RUI COSTA PIMENTA;2,80E+11;345;263;247;1
47635;LAVRAS;160;ESCOLA ESTADUAL CRISTIANO DE SOUZA;AV, DUQUE DA ROCHA 501;225;1155;70;AUGUSTO JORGE CURY;2,80E+11;390;295;274;11
47635;LAVRAS;160;COLEGIO NOSSA SENHORA DE LOURDES;PRAÇA MONSENHOR DOMINGOS PINHEIRO 162;52;1031;95;VOTO BRANCO;-1;313;240;232;4
47635;LAVRAS;160;ESCOLA MUNICIPAL JOSE SERAFIM;RUA HELIO LUCIO DO CARMO 10;242;1201;95;VOTO BRANCO;-1;299;236;205;17
47635;LAVRAS;160;ESCOLA MUNICIPAL FRANCISCO SALES;RUA SANTOS PENONI S/N;98;1090;13;LUIZ INÁCIO LULA DA SILVA;2,80E+11;396;273;257;117
47635;LAVRAS;160;ESCOLA MUNICIPAL DOUTORA DAMINA;RUA PEDRO MOURA 269;170;1015;14;RENAN ANTONIO FERREIRA DOS SANTOS;2,80E+11;337;250;237;3
47635;LAVRAS;160;ESCOLA MUNICIPAL PAULO MENICUCCI;RUA AGRIPINO AUGUSTO ANDRADE 425;111;1112;13;LUIZ INÁCIO LULA DA SILVA;2,80E+11;274;194;174;86
47635;LAVRAS;160;UNILAVRAS;RUA PADRE JOSE POGGEL 506;176;1139;16;HERTZ DA CONCEICAO DIAS;2,80E+11;355;281;274;1
47635;LAVRAS;160;UNILAVRAS;RUA PADRE JOSE POGGEL 506;282;1139;14;RENAN ANTONIO FERREIRA DOS SANTOS;2,80E+11;360;286;275;22
47635;LAVRAS;160;ESCOLA MUNICIPAL UMBELINA AZEVEDO AVELLAR;AVENIDA ANISIO HADDAD, 10;274;1228;30;ROMEU ZEMA NETO;2,80E+11;380;288;266;3
47635;LAVRAS;160;ESCOLA ESTADUAL CRISTIANO DE SOUZA;AV, DUQUE DA ROCHA 501;204;1155;21;EDMILSON SILVA COSTA;2,80E+11;393;308;280;1
47635;LAVRAS;160;ESCOLA ESTADUAL CINIRA DE CARVALHO;RUA AUGUSTO VIEIRA SILVA 440;166;1147;55;RONALDO RAMOS CAIADO;2,80E+11;394;311;283;4
47635;LAVRAS;160;ESCOLA MUNICIPAL DOUTORA DAMINA;RUA PEDRO MOURA 269;36;1015;55;RONALDO RAMOS CAIADO;2,80E+11;336;255;244;4
47635;LAVRAS;160;COLEGIO NOSSA SENHORA DE LOURDES;PRAÇA MONSENHOR DOMINGOS PINHEIRO 162;172;1031;55;RONALDO RAMOS CAIADO;2,80E+11;314;253;244;4
47635;LAVRAS;160;ESCOLA MUNICIPAL FRANCISCO SALES;RUA SANTOS PENONI S/N;101;1090;70;AUGUSTO JORGE CURY;2,80E+11;396;295;269;8
47635;LAVRAS;160;ESCOLA ESTADUAL CINIRA DE CARVALHO;RUA AUGUSTO VIEIRA SILVA 440;264;1147;13;LUIZ INÁCIO LULA DA SILVA;2,80E+11;389;308;287;102
47635;LAVRAS;160;ESCOLA MUNICIPAL PAULO MENICUCCI;RUA AGRIPINO AUGUSTO ANDRADE 425;116;1112;22;FLAVIO NANTES BOLSONARO;2,80E+11;273;198;181;76
47635;LAVRAS;160;ESCOLA ESTADUAL CRISTIANO DE SOUZA;AV, DUQUE DA ROCHA 501;197;1155;22;FLAVIO NANTES BOLSONARO;2,80E+11;385;295;264;121
47635;LAVRAS;160;CAMPUS CARLOTA KEMPER;PRACA DR, AUGUSTO SILVA 616;91;1066;55;RONALDO RAMOS CAIADO;2,80E+11;344;239;228;2
47635;LAVRAS;160;ESCOLA ESTADUAL CRISTIANO DE SOUZA;AV, DUQUE DA ROCHA 501;179;1155;55;RONALDO RAMOS CAIADO;2,80E+11;387;311;275;9
47635;LAVRAS;160;ESCOLA ESTADUAL JOAO BATISTA HERMETO;RUA JAIR FERREIRA 285;45;1023;95;VOTO BRANCO;-1;390;292;263;12
47635;LAVRAS;160;CAIC - ESCOLA MUNICIPAL ITALIA CAUTIERO FRANCO;RUA RAIMUNDA MARQUES GUIMARAES S/N;234;1163;13;LUIZ INÁCIO LULA DA SILVA;2,80E+11;371;303;274;110
47635;LAVRAS;160;ESCOLA MUNICIPAL OSCAR BOTELHO;RUA JOAQUIM CARLOS ALVARENGA 268;74;1074;70;AUGUSTO JORGE CURY;2,80E+11;341;245;207;2
47635;LAVRAS;160;INSTITUTO GAMMON;PÇA, DR, JORGE 370;157;1120;95;VOTO BRANCO;-1;318;251;238;8
47635;LAVRAS;160;UNILAVRAS;RUA PADRE JOSE POGGEL 506;127;1139;70;AUGUSTO JORGE CURY;2,80E+11;357;256;241;9
47635;LAVRAS;160;ESCOLA MUNICIPAL  ALVARO BOTELHO;PCA, DOUTOR JORGE 130;58;1040;96;VOTO NULO;-1;335;242;226;9
47635;LAVRAS;160;ESCOLA MUNICIPAL UMBELINA AZEVEDO AVELLAR;AVENIDA ANISIO HADDAD, 10;243;1228;96;VOTO NULO;-1;367;284;263;16
47635;LAVRAS;160;ESCOLA ESTADUAL CRISTIANO DE SOUZA;AV, DUQUE DA ROCHA 501;179;1155;96;VOTO NULO;-1;387;311;275;24
47635;LAVRAS;160;E, M, PROFESSOR JOSE LUIZ DE MESQUITA;RUA CECILIA MEIRELES 101;228;1236;96;VOTO NULO;-1;373;276;262;5
47635;LAVRAS;160;ESCOLA ESTADUAL FIRMINO COSTA;RUA BARBOSA LIMA 361;90;1082;14;RENAN ANTONIO FERREIRA DOS SANTOS;2,80E+11;388;283;269;5
47635;LAVRAS;160;CAIC - ESCOLA MUNICIPAL ITALIA CAUTIERO FRANCO;RUA RAIMUNDA MARQUES GUIMARAES S/N;180;1163;30;ROMEU ZEMA NETO;2,80E+11;367;307;278;1
47635;LAVRAS;160;ESCOLA ESTADUAL TIRADENTES;RUA COMANDANTE NÉLIO, N, 07;284;1260;14;RENAN ANTONIO FERREIRA DOS SANTOS;2,80E+11;389;317;301;7
47635;LAVRAS;160;ESCOLA ESTADUAL JOAO BATISTA HERMETO;RUA JAIR FERREIRA 285;41;1023;96;VOTO NULO;-1;391;302;283;10
47635;LAVRAS;160;INSTITUTO GAMMON;PÇA, DR, JORGE 370;119;1120;96;VOTO NULO;-1;322;239;229;7
47635;LAVRAS;160;ESCOLA MUNICIPAL DOUTORA DAMINA;RUA PEDRO MOURA 269;185;1015;22;FLAVIO NANTES BOLSONARO;2,80E+11;334;258;247;131
47635;LAVRAS;160;COLEGIO TIRADENTES;COMANDANTE NELIO S/N;69;1171;14;RENAN ANTONIO FERREIRA DOS SANTOS;2,80E+11;382;283;269;6
47635;LAVRAS;160;UNILAVRAS;RUA PADRE JOSE POGGEL 506;149;1139;22;FLAVIO NANTES BOLSONARO;2,80E+11;358;293;282;151
47635;LAVRAS;160;ESCOLA MUNICIPAL PAULO MENICUCCI;RUA AGRIPINO AUGUSTO ANDRADE 425;108;1112;22;FLAVIO NANTES BOLSONARO;2,80E+11;289;197;178;77
47635;LAVRAS;160;ESCOLA ESTADUAL JOAO BATISTA HERMETO;RUA JAIR FERREIRA 285;37;1023;22;FLAVIO NANTES BOLSONARO;2,80E+11;388;280;266;127
47635;LAVRAS;160;INSTITUTO GAMMON;PÇA, DR, JORGE 370;123;1120;22;FLAVIO NANTES BOLSONARO;2,80E+11;317;239;228;110
47635;LAVRAS;160;INSTITUTO GAMMON;PÇA, DR, JORGE 370;126;1120;22;FLAVIO NANTES BOLSONARO;2,80E+11;315;251;242;134
47635;LAVRAS;160;ESCOLA ESTADUAL CRISTIANO DE SOUZA;AV, DUQUE DA ROCHA 501;213;1155;22;FLAVIO NANTES BOLSONARO;2,80E+11;381;298;277;124
47635;LAVRAS;160;CAIC - ESCOLA MUNICIPAL ITALIA CAUTIERO FRANCO;RUA RAIMUNDA MARQUES GUIMARAES S/N;104;1163;22;FLAVIO NANTES BOLSONARO;2,80E+11;375;309;292;137
47635;LAVRAS;160;INSTITUTO GAMMON;PÇA, DR, JORGE 370;123;1120;70;AUGUSTO JORGE CURY;2,80E+11;317;239;228;7
47635;LAVRAS;160;ESCOLA ESTADUAL FIRMINO COSTA;RUA BARBOSA LIMA 361;83;1082;95;VOTO BRANCO;-1;390;265;248;9
47635;LAVRAS;160;ESCOLA MUNICIPAL DOUTORA DAMINA;RUA PEDRO MOURA 269;31;1015;70;AUGUSTO JORGE CURY;2,80E+11;341;255;242;6
47635;LAVRAS;160;ESCOLA MUNICIPAL UMBELINA AZEVEDO AVELLAR;AVENIDA ANISIO HADDAD, 10;243;1228;70;AUGUSTO JORGE CURY;2,80E+11;367;284;263;9
47635;LAVRAS;160;ESCOLA MUNICIPAL PAULO MENICUCCI;RUA AGRIPINO AUGUSTO ANDRADE 425;111;1112;70;AUGUSTO JORGE CURY;2,80E+11;274;194;174;4
47635;LAVRAS;160;ESCOLA ESTADUAL JOAO BATISTA HERMETO;RUA JAIR FERREIRA 285;38;1023;13;LUIZ INÁCIO LULA DA SILVA;2,80E+11;389;291;273;116
47635;LAVRAS;160;ESCOLA ESTADUAL CINIRA DE CARVALHO;RUA AUGUSTO VIEIRA SILVA 440;249;1147;16;HERTZ DA CONCEICAO DIAS;2,80E+11;395;296;275;1
47635;LAVRAS;160;ESCOLA MUNICIPAL DOUTORA DAMINA;RUA PEDRO MOURA 269;210;1015;14;RENAN ANTONIO FERREIRA DOS SANTOS;2,80E+11;331;259;239;6
47635;LAVRAS;160;ESCOLA MUNICIPAL PAULO LOURENCO MENICUCCI;RUA LUIZ CARLOS DE SOUZA 33;212;1210;95;VOTO BRANCO;-1;378;294;264;14
47635;LAVRAS;160;CAMPUS CARLOTA KEMPER;PRACA DR, AUGUSTO SILVA 616;160;1066;70;AUGUSTO JORGE CURY;2,80E+11;345;257;244;4
47635;LAVRAS;160;ESCOLA MUNICIPAL FRANCISCO SALES;RUA SANTOS PENONI S/N;100;1090;70;AUGUSTO JORGE CURY;2,80E+11;399;284;264;12
47635;LAVRAS;160;E, M, PROFESSOR JOSE LUIZ DE MESQUITA;RUA CECILIA MEIRELES 101;228;1236;22;FLAVIO NANTES BOLSONARO;2,80E+11;373;276;262;109
47635;LAVRAS;160;INSTITUTO GAMMON;PÇA, DR, JORGE 370;126;1120;95;VOTO BRANCO;-1;315;251;242;4
47635;LAVRAS;160;UNILAVRAS;RUA PADRE JOSE POGGEL 506;149;1139;13;LUIZ INÁCIO LULA DA SILVA;2,80E+11;358;293;282;91
47635;LAVRAS;160;ESCOLA ESTADUAL CINIRA DE CARVALHO;RUA AUGUSTO VIEIRA SILVA 440;207;1147;70;AUGUSTO JORGE CURY;2,80E+11;388;309;282;9
47635;LAVRAS;160;ESCOLA ESTADUAL JOAO BATISTA HERMETO;RUA JAIR FERREIRA 285;39;1023;70;AUGUSTO JORGE CURY;2,80E+11;393;300;276;6
47635;LAVRAS;160;CAMPUS CARLOTA KEMPER;PRACA DR, AUGUSTO SILVA 616;96;1066;30;ROMEU ZEMA NETO;2,80E+11;345;283;271;3
47635;LAVRAS;160;ESCOLA MUNICIPAL DOUTORA DAMINA;RUA PEDRO MOURA 269;36;1015;13;LUIZ INÁCIO LULA DA SILVA;2,80E+11;336;255;244;96
47635;LAVRAS;160;ESCOLA MUNICIPAL PAULO MENICUCCI;RUA AGRIPINO AUGUSTO ANDRADE 425;171;1112;22;FLAVIO NANTES BOLSONARO;2,80E+11;284;233;206;91
47635;LAVRAS;160;ESCOLA ESTADUAL CRISTIANO DE SOUZA;AV, DUQUE DA ROCHA 501;254;1155;22;FLAVIO NANTES BOLSONARO;2,80E+11;390;301;274;132
47635;LAVRAS;160;COLEGIO TIRADENTES;COMANDANTE NELIO S/N;199;1171;14;RENAN ANTONIO FERREIRA DOS SANTOS;2,80E+11;379;309;295;9
47635;LAVRAS;160;CAMPUS CARLOTA KEMPER;PRACA DR, AUGUSTO SILVA 616;96;1066;22;FLAVIO NANTES BOLSONARO;2,80E+11;345;283;271;141
47635;LAVRAS;160;ESCOLA ESTADUAL FIRMINO COSTA;RUA BARBOSA LIMA 361;83;1082;30;ROMEU ZEMA NETO;2,80E+11;390;265;248;2
47635;LAVRAS;160;E, M, PROFESSOR JOSE LUIZ DE MESQUITA;RUA CECILIA MEIRELES 101;232;1236;13;LUIZ INÁCIO LULA DA SILVA;2,80E+11;368;284;259;122
47635;LAVRAS;160;CAIC - ESCOLA MUNICIPAL ITALIA CAUTIERO FRANCO;RUA RAIMUNDA MARQUES GUIMARAES S/N;103;1163;22;FLAVIO NANTES BOLSONARO;2,80E+11;371;268;249;120
47635;LAVRAS;160;CAIC - ESCOLA MUNICIPAL ITALIA CAUTIERO FRANCO;RUA RAIMUNDA MARQUES GUIMARAES S/N;180;1163;55;RONALDO RAMOS CAIADO;2,80E+11;367;307;278;4
47635;LAVRAS;160;ESCOLA MUNICIPAL OSCAR BOTELHO;RUA JOAQUIM CARLOS ALVARENGA 268;263;1074;96;VOTO NULO;-1;340;255;224;20
47635;LAVRAS;160;ESCOLA ESTADUAL CINIRA DE CARVALHO;RUA AUGUSTO VIEIRA SILVA 440;184;1147;14;RENAN ANTONIO FERREIRA DOS SANTOS;2,80E+11;393;303;280;3
47635;LAVRAS;160;ESCOLA ESTADUAL CINIRA DE CARVALHO;RUA AUGUSTO VIEIRA SILVA 440;258;1147;70;AUGUSTO JORGE CURY;2,80E+11;393;278;256;14
47635;LAVRAS;160;ESCOLA ESTADUAL CINIRA DE CARVALHO;RUA AUGUSTO VIEIRA SILVA 440;264;1147;70;AUGUSTO JORGE CURY;2,80E+11;389;308;287;16
47635;LAVRAS;160;CAMPUS CARLOTA KEMPER;PRACA DR, AUGUSTO SILVA 616;72;1066;95;VOTO BRANCO;-1;345;244;232;2
47635;LAVRAS;160;INSTITUTO GAMMON;PÇA, DR, JORGE 370;126;1120;14;RENAN ANTONIO FERREIRA DOS SANTOS;2,80E+11;315;251;242;4
47635;LAVRAS;160;INSTITUTO GAMMON;PÇA, DR, JORGE 370;118;1120;13;LUIZ INÁCIO LULA DA SILVA;2,80E+11;315;230;217;95
47635;LAVRAS;160;ESCOLA ESTADUAL JOAO BATISTA HERMETO;RUA JAIR FERREIRA 285;42;1023;30;ROMEU ZEMA NETO;2,80E+11;387;282;260;4
47635;LAVRAS;160;CAIC - ESCOLA MUNICIPAL ITALIA CAUTIERO FRANCO;RUA RAIMUNDA MARQUES GUIMARAES S/N;234;1163;70;AUGUSTO JORGE CURY;2,80E+11;371;303;274;7
47635;LAVRAS;160;ESCOLA MUNICIPAL JOSE SERAFIM;RUA HELIO LUCIO DO CARMO 10;242;1201;13;LUIZ INÁCIO LULA DA SILVA;2,80E+11;299;236;205;100
47635;LAVRAS;160;E, M, PROFESSOR ÉDIO DO NASCIMENTO BIRINDIBA;ESTAÇÃO FERROVIÁRIA DO ITIRAPUAN;285;1244;95;VOTO BRANCO;-1;114;92;86;2
47635;LAVRAS;160;ESCOLA ESTADUAL JOAO BATISTA HERMETO;RUA JAIR FERREIRA 285;37;1023;13;LUIZ INÁCIO LULA DA SILVA;2,80E+11;388;280;266;110
47635;LAVRAS;160;COLEGIO NOSSA SENHORA DE LOURDES;PRAÇA MONSENHOR DOMINGOS PINHEIRO 162;151;1031;13;LUIZ INÁCIO LULA DA SILVA;2,80E+11;317;249;233;78
47635;LAVRAS;160;ESCOLA MUNICIPAL  ALVARO BOTELHO;PCA, DOUTOR JORGE 130;55;1040;95;VOTO BRANCO;-1;328;231;219;4
47635;LAVRAS;160;ESCOLA MUNICIPAL DOUTORA DAMINA;RUA PEDRO MOURA 269;35;1015;95;VOTO BRANCO;-1;330;245;228;9
47635;LAVRAS;160;COLEGIO TIRADENTES;COMANDANTE NELIO S/N;70;1171;95;VOTO BRANCO;-1;382;296;279;9
47635;LAVRAS;160;ESCOLA MUNICIPAL OSCAR BOTELHO;RUA JOAQUIM CARLOS ALVARENGA 268;188;1074;13;LUIZ INÁCIO LULA DA SILVA;2,80E+11;344;271;244;116
47635;LAVRAS;160;INSTITUTO GAMMON;PÇA, DR, JORGE 370;125;1120;70;AUGUSTO JORGE CURY;2,80E+11;319;246;237;8
47635;LAVRAS;160;COLEGIO NOSSA SENHORA DE LOURDES;PRAÇA MONSENHOR DOMINGOS PINHEIRO 162;162;1031;30;ROMEU ZEMA NETO;2,80E+11;315;265;254;3
47635;LAVRAS;160;COLEGIO TIRADENTES;COMANDANTE NELIO S/N;152;1171;30;ROMEU ZEMA NETO;2,80E+11;382;309;295;4
47635;LAVRAS;160;ESCOLA MUNICIPAL PAULO MENICUCCI;RUA AGRIPINO AUGUSTO ANDRADE 425;111;1112;95;VOTO BRANCO;-1;274;194;174;11
47635;LAVRAS;160;CAMPUS CARLOTA KEMPER;PRACA DR, AUGUSTO SILVA 616;253;1066;95;VOTO BRANCO;-1;344;268;262;1
47635;LAVRAS;160;ESCOLA MUNICIPAL PAULO MENICUCCI;RUA AGRIPINO AUGUSTO ANDRADE 425;108;1112;14;RENAN ANTONIO FERREIRA DOS SANTOS;2,80E+11;289;197;178;4
47635;LAVRAS;160;CAIC - ESCOLA MUNICIPAL ITALIA CAUTIERO FRANCO;RUA RAIMUNDA MARQUES GUIMARAES S/N;218;1163;70;AUGUSTO JORGE CURY;2,80E+11;371;292;270;14
47635;LAVRAS;160;COLEGIO TIRADENTES;COMANDANTE NELIO S/N;189;1171;95;VOTO BRANCO;-1;379;287;278;2
47635;LAVRAS;160;CAMPUS CARLOTA KEMPER;PRACA DR, AUGUSTO SILVA 616;183;1066;14;RENAN ANTONIO FERREIRA DOS SANTOS;2,80E+11;345;263;247;4
47635;LAVRAS;160;E, M, PROFESSOR JOSE LUIZ DE MESQUITA;RUA CECILIA MEIRELES 101;266;1236;30;ROMEU ZEMA NETO;2,80E+11;373;264;243;3
47635;LAVRAS;160;ESCOLA ESTADUAL JOAO BATISTA HERMETO;RUA JAIR FERREIRA 285;155;1023;95;VOTO BRANCO;-1;391;309;280;18
47635;LAVRAS;160;INSTITUTO GAMMON;PÇA, DR, JORGE 370;124;1120;13;LUIZ INÁCIO LULA DA SILVA;2,80E+11;321;223;210;84
47635;LAVRAS;160;ESCOLA ESTADUAL JOAO BATISTA HERMETO;RUA JAIR FERREIRA 285;182;1023;95;VOTO BRANCO;-1;387;294;282;8
47635;LAVRAS;160;ESCOLA MUNICIPAL DOUTORA DAMINA;RUA PEDRO MOURA 269;210;1015;16;HERTZ DA CONCEICAO DIAS;2,80E+11;331;259;239;1
47635;LAVRAS;160;ESCOLA ESTADUAL AZARIAS RIBEIRO;RUA  ORLANDINO PINTO RIBEIRO 254;61;1058;70;AUGUSTO JORGE CURY;2,80E+11;354;245;229;9
47635;LAVRAS;160;INSTITUTO GAMMON;PÇA, DR, JORGE 370;117;1120;30;ROMEU ZEMA NETO;2,80E+11;321;226;214;1
47635;LAVRAS;160;ESCOLA MUNICIPAL  ALVARO BOTELHO;PCA, DOUTOR JORGE 130;54;1040;13;LUIZ INÁCIO LULA DA SILVA;2,80E+11;332;213;197;83
47635;LAVRAS;160;ESCOLA ESTADUAL JOAO BATISTA HERMETO;RUA JAIR FERREIRA 285;168;1023;14;RENAN ANTONIO FERREIRA DOS SANTOS;2,80E+11;386;309;286;4
47635;LAVRAS;160;ESCOLA MUNICIPAL UMBELINA AZEVEDO AVELLAR;AVENIDA ANISIO HADDAD, 10;279;1228;55;RONALDO RAMOS CAIADO;2,80E+11;385;277;257;4
47635;LAVRAS;160;CAMPUS CARLOTA KEMPER;PRACA DR, AUGUSTO SILVA 616;72;1066;55;RONALDO RAMOS CAIADO;2,80E+11;345;244;232;6
47635;LAVRAS;160;ESCOLA MUNICIPAL PAULO MENICUCCI;RUA AGRIPINO AUGUSTO ANDRADE 425;194;1112;96;VOTO NULO;-1;274;225;205;11
47635;LAVRAS;160;ESCOLA ESTADUAL CRISTIANO DE SOUZA;AV, DUQUE DA ROCHA 501;204;1155;96;VOTO NULO;-1;393;308;280;16
47635;LAVRAS;160;COLEGIO TIRADENTES;COMANDANTE NELIO S/N;208;1171;96;VOTO NULO;-1;381;303;287;9
47635;LAVRAS;160;ESCOLA MUNICIPAL JOSE SERAFIM;RUA HELIO LUCIO DO CARMO 10;273;1201;27;CLARIANA ZACARKIM BARAO;2,80E+11;306;224;188;1
47635;LAVRAS;160;ESCOLA ESTADUAL FIRMINO COSTA;RUA BARBOSA LIMA 361;216;1082;96;VOTO NULO;-1;385;286;277;6
47635;LAVRAS;160;ESCOLA ESTADUAL FIRMINO COSTA;RUA BARBOSA LIMA 361;84;1082;96;VOTO NULO;-1;389;276;266;6
47635;LAVRAS;160;UNILAVRAS;RUA PADRE JOSE POGGEL 506;226;1139;96;VOTO NULO;-1;355;268;262;3
47635;LAVRAS;160;ESCOLA ESTADUAL CINIRA DE CARVALHO;RUA AUGUSTO VIEIRA SILVA 440;161;1147;55;RONALDO RAMOS CAIADO;2,80E+11;398;284;266;9
47635;LAVRAS;160;ESCOLA MUNICIPAL OSCAR BOTELHO;RUA JOAQUIM CARLOS ALVARENGA 268;77;1074;96;VOTO NULO;-1;341;247;222;12
47635;LAVRAS;160;ESCOLA MUNICIPAL JOSE SERAFIM;RUA HELIO LUCIO DO CARMO 10;242;1201;96;VOTO NULO;-1;299;236;205;14
47635;LAVRAS;160;ESCOLA ESTADUAL FIRMINO COSTA;RUA BARBOSA LIMA 361;81;1082;13;LUIZ INÁCIO LULA DA SILVA;2,80E+11;391;266;254;98
47635;LAVRAS;160;ESCOLA MUNICIPAL  ALVARO BOTELHO;PCA, DOUTOR JORGE 130;58;1040;30;ROMEU ZEMA NETO;2,80E+11;335;242;226;1
47635;LAVRAS;160;ESCOLA ESTADUAL AZARIAS RIBEIRO;RUA  ORLANDINO PINTO RIBEIRO 254;65;1058;14;RENAN ANTONIO FERREIRA DOS SANTOS;2,80E+11;349;268;250;3
47635;LAVRAS;160;ESCOLA MUNICIPAL OSCAR BOTELHO;RUA JOAQUIM CARLOS ALVARENGA 268;263;1074;55;RONALDO RAMOS CAIADO;2,80E+11;340;255;224;2
47635;LAVRAS;160;ESCOLA MUNICIPAL DOUTORA DAMINA;RUA PEDRO MOURA 269;32;1015;22;FLAVIO NANTES BOLSONARO;2,80E+11;333;254;245;121
47635;LAVRAS;160;E, M, PROFESSOR JOSE LUIZ DE MESQUITA;RUA CECILIA MEIRELES 101;193;1236;55;RONALDO RAMOS CAIADO;2,80E+11;368;267;243;7
47635;LAVRAS;160;COLEGIO TIRADENTES;COMANDANTE NELIO S/N;68;1171;55;RONALDO RAMOS CAIADO;2,80E+11;381;293;279;7
47635;LAVRAS;160;ESCOLA ESTADUAL AZARIAS RIBEIRO;RUA  ORLANDINO PINTO RIBEIRO 254;270;1058;22;FLAVIO NANTES BOLSONARO;2,80E+11;353;273;254;113
47635;LAVRAS;160;CAMPUS CARLOTA KEMPER;PRACA DR, AUGUSTO SILVA 616;92;1066;22;FLAVIO NANTES BOLSONARO;2,80E+11;345;255;243;122
47635;LAVRAS;160;ESCOLA ESTADUAL CINIRA DE CARVALHO;RUA AUGUSTO VIEIRA SILVA 440;191;1147;55;RONALDO RAMOS CAIADO;2,80E+11;395;305;279;4
47635;LAVRAS;160;ESCOLA MUNICIPAL DOUTORA DAMINA;RUA PEDRO MOURA 269;36;1015;70;AUGUSTO JORGE CURY;2,80E+11;336;255;244;4
47635;LAVRAS;160;ESCOLA MUNICIPAL PAULO MENICUCCI;RUA AGRIPINO AUGUSTO ANDRADE 425;194;1112;70;AUGUSTO JORGE CURY;2,80E+11;274;225;205;7
47635;LAVRAS;160;ESCOLA ESTADUAL JOAO BATISTA HERMETO;RUA JAIR FERREIRA 285;155;1023;55;RONALDO RAMOS CAIADO;2,80E+11;391;309;280;4
47635;LAVRAS;160;INSTITUTO GAMMON;PÇA, DR, JORGE 370;125;1120;55;RONALDO RAMOS CAIADO;2,80E+11;319;246;237;7
47635;LAVRAS;160;ESCOLA MUNICIPAL FRANCISCO SALES;RUA SANTOS PENONI S/N;97;1090;13;LUIZ INÁCIO LULA DA SILVA;2,80E+11;401;286;263;118
47635;LAVRAS;160;INSTITUTO GAMMON;PÇA, DR, JORGE 370;173;1120;13;LUIZ INÁCIO LULA DA SILVA;2,80E+11;319;257;243;93
47635;LAVRAS;160;ESCOLA ESTADUAL JOAO BATISTA HERMETO;RUA JAIR FERREIRA 285;46;1023;95;VOTO BRANCO;-1;384;296;276;7
47635;LAVRAS;160;E, M, PROFESSOR JOSE LUIZ DE MESQUITA;RUA CECILIA MEIRELES 101;252;1236;22;FLAVIO NANTES BOLSONARO;2,80E+11;372;279;258;90
47635;LAVRAS;160;ESCOLA MUNICIPAL DOUTORA DAMINA;RUA PEDRO MOURA 269;35;1015;13;LUIZ INÁCIO LULA DA SILVA;2,80E+11;330;245;228;80
47635;LAVRAS;160;COLEGIO NOSSA SENHORA DE LOURDES;PRAÇA MONSENHOR DOMINGOS PINHEIRO 162;49;1031;55;RONALDO RAMOS CAIADO;2,80E+11;315;233;226;8
47635;LAVRAS;160;ESCOLA MUNICIPAL PAULO MENICUCCI;RUA AGRIPINO AUGUSTO ANDRADE 425;110;1112;13;LUIZ INÁCIO LULA DA SILVA;2,80E+11;286;195;171;85
47635;LAVRAS;160;E, M, PROFESSOR JOSE LUIZ DE MESQUITA;RUA CECILIA MEIRELES 101;206;1236;70;AUGUSTO JORGE CURY;2,80E+11;372;279;247;10
47635;LAVRAS;160;ESCOLA ESTADUAL JOAO BATISTA HERMETO;RUA JAIR FERREIRA 285;46;1023;13;LUIZ INÁCIO LULA DA SILVA;2,80E+11;384;296;276;101
47635;LAVRAS;160;ESCOLA MUNICIPAL DOUTORA DAMINA;RUA PEDRO MOURA 269;30;1015;70;AUGUSTO JORGE CURY;2,80E+11;337;246;230;5
47635;LAVRAS;160;ESCOLA ESTADUAL FIRMINO COSTA;RUA BARBOSA LIMA 361;84;1082;70;AUGUSTO JORGE CURY;2,80E+11;389;276;266;9
47635;LAVRAS;160;ESCOLA ESTADUAL FIRMINO COSTA;RUA BARBOSA LIMA 361;87;1082;95;VOTO BRANCO;-1;387;252;235;8
47635;LAVRAS;160;INSTITUTO GAMMON;PÇA, DR, JORGE 370;123;1120;95;VOTO BRANCO;-1;317;239;228;4
47635;LAVRAS;160;ESCOLA ESTADUAL AZARIAS RIBEIRO;RUA  ORLANDINO PINTO RIBEIRO 254;222;1058;55;RONALDO RAMOS CAIADO;2,80E+11;351;276;260;7
47635;LAVRAS;160;ESCOLA MUNICIPAL  ALVARO BOTELHO;PCA, DOUTOR JORGE 130;58;1040;95;VOTO BRANCO;-1;335;242;226;7
47635;LAVRAS;160;INSTITUTO GAMMON;PÇA, DR, JORGE 370;125;1120;95;VOTO BRANCO;-1;319;246;237;4
47635;LAVRAS;160;ESCOLA MUNICIPAL UMBELINA AZEVEDO AVELLAR;AVENIDA ANISIO HADDAD, 10;274;1228;13;LUIZ INÁCIO LULA DA SILVA;2,80E+11;380;288;266;119
47635;LAVRAS;160;ESCOLA MUNICIPAL JOSE SERAFIM;RUA HELIO LUCIO DO CARMO 10;214;1201;30;ROMEU ZEMA NETO;2,80E+11;303;236;198;4
47635;LAVRAS;160;ESCOLA ESTADUAL FIRMINO COSTA;RUA BARBOSA LIMA 361;90;1082;30;ROMEU ZEMA NETO;2,80E+11;388;283;269;4
47635;LAVRAS;160;ESCOLA MUNICIPAL PAULO LOURENCO MENICUCCI;RUA LUIZ CARLOS DE SOUZA 33;276;1210;55;RONALDO RAMOS CAIADO;2,80E+11;381;304;277;3
47635;LAVRAS;160;ESCOLA MUNICIPAL FRANCISCO SALES;RUA SANTOS PENONI S/N;99;1090;13;LUIZ INÁCIO LULA DA SILVA;2,80E+11;397;288;259;111
47635;LAVRAS;160;COLEGIO NOSSA SENHORA DE LOURDES;PRAÇA MONSENHOR DOMINGOS PINHEIRO 162;53;1031;14;RENAN ANTONIO FERREIRA DOS SANTOS;2,80E+11;312;243;230;6
47635;LAVRAS;160;ESCOLA MUNICIPAL DOUTORA DAMINA;RUA PEDRO MOURA 269;30;1015;55;RONALDO RAMOS CAIADO;2,80E+11;337;246;230;7
47635;LAVRAS;160;COLEGIO NOSSA SENHORA DE LOURDES;PRAÇA MONSENHOR DOMINGOS PINHEIRO 162;52;1031;30;ROMEU ZEMA NETO;2,80E+11;313;240;232;1
47635;LAVRAS;160;COLEGIO NOSSA SENHORA DE LOURDES;PRAÇA MONSENHOR DOMINGOS PINHEIRO 162;48;1031;27;CLARIANA ZACARKIM BARAO;2,80E+11;317;234;228;1
47635;LAVRAS;160;COLEGIO NOSSA SENHORA DE LOURDES;PRAÇA MONSENHOR DOMINGOS PINHEIRO 162;52;1031;27;CLARIANA ZACARKIM BARAO;2,80E+11;313;240;232;1
47635;LAVRAS;160;ESCOLA MUNICIPAL UMBELINA AZEVEDO AVELLAR;AVENIDA ANISIO HADDAD, 10;274;1228;96;VOTO NULO;-1;380;288;266;13
47635;LAVRAS;160;ESCOLA MUNICIPAL PAULO LOURENCO MENICUCCI;RUA LUIZ CARLOS DE SOUZA 33;257;1210;96;VOTO NULO;-1;383;302;277;15
47635;LAVRAS;160;ESCOLA ESTADUAL CINIRA DE CARVALHO;RUA AUGUSTO VIEIRA SILVA 440;240;1147;55;RONALDO RAMOS CAIADO;2,80E+11;394;302;272;7
47635;LAVRAS;160;COLEGIO TIRADENTES;COMANDANTE NELIO S/N;215;1171;55;RONALDO RAMOS CAIADO;2,80E+11;380;302;289;4
47635;LAVRAS;160;ESCOLA MUNICIPAL UMBELINA AZEVEDO AVELLAR;AVENIDA ANISIO HADDAD, 10;233;1228;30;ROMEU ZEMA NETO;2,80E+11;374;284;260;2
47635;LAVRAS;160;COLEGIO TIRADENTES;COMANDANTE NELIO S/N;208;1171;22;FLAVIO NANTES BOLSONARO;2,80E+11;381;303;287;172
47635;LAVRAS;160;ESCOLA ESTADUAL AZARIAS RIBEIRO;RUA  ORLANDINO PINTO RIBEIRO 254;62;1058;22;FLAVIO NANTES BOLSONARO;2,80E+11;354;261;240;94
47635;LAVRAS;160;ESCOLA ESTADUAL CINIRA DE CARVALHO;RUA AUGUSTO VIEIRA SILVA 440;258;1147;22;FLAVIO NANTES BOLSONARO;2,80E+11;393;278;256;131
47635;LAVRAS;160;ESCOLA MUNICIPAL PAULO MENICUCCI;RUA AGRIPINO AUGUSTO ANDRADE 425;112;1112;55;RONALDO RAMOS CAIADO;2,80E+11;272;190;170;4
47635;LAVRAS;160;CAIC - ESCOLA MUNICIPAL ITALIA CAUTIERO FRANCO;RUA RAIMUNDA MARQUES GUIMARAES S/N;234;1163;55;RONALDO RAMOS CAIADO;2,80E+11;371;303;274;5
47635;LAVRAS;160;ESCOLA MUNICIPAL OSCAR BOTELHO;RUA JOAQUIM CARLOS ALVARENGA 268;76;1074;55;RONALDO RAMOS CAIADO;2,80E+11;343;255;231;3
47635;LAVRAS;160;COLEGIO TIRADENTES;COMANDANTE NELIO S/N;152;1171;55;RONALDO RAMOS CAIADO;2,80E+11;382;309;295;7
47635;LAVRAS;160;CAMPUS CARLOTA KEMPER;PRACA DR, AUGUSTO SILVA 616;95;1066;70;AUGUSTO JORGE CURY;2,80E+11;343;251;238;7
47635;LAVRAS;160;ESCOLA ESTADUAL TIRADENTES;RUA COMANDANTE NÉLIO, N, 07;277;1260;22;FLAVIO NANTES BOLSONARO;2,80E+11;394;312;299;148
47635;LAVRAS;160;CAIC - ESCOLA MUNICIPAL ITALIA CAUTIERO FRANCO;RUA RAIMUNDA MARQUES GUIMARAES S/N;175;1163;55;RONALDO RAMOS CAIADO;2,80E+11;371;306;281;7
47635;LAVRAS;160;ESCOLA MUNICIPAL JOSE SERAFIM;RUA HELIO LUCIO DO CARMO 10;242;1201;55;RONALDO RAMOS CAIADO;2,80E+11;299;236;205;4
47635;LAVRAS;160;CAIC - ESCOLA MUNICIPAL ITALIA CAUTIERO FRANCO;RUA RAIMUNDA MARQUES GUIMARAES S/N;102;1163;95;VOTO BRANCO;-1;376;275;259;8
47635;LAVRAS;160;ESCOLA MUNICIPAL PAULO MENICUCCI;RUA AGRIPINO AUGUSTO ANDRADE 425;114;1112;55;RONALDO RAMOS CAIADO;2,80E+11;271;203;183;7
47635;LAVRAS;160;ESCOLA MUNICIPAL PAULO LOURENCO MENICUCCI;RUA LUIZ CARLOS DE SOUZA 33;257;1210;13;LUIZ INÁCIO LULA DA SILVA;2,80E+11;383;302;277;107
47635;LAVRAS;160;COLEGIO TIRADENTES;COMANDANTE NELIO S/N;223;1171;30;ROMEU ZEMA NETO;2,80E+11;378;297;281;7
47635;LAVRAS;160;COLEGIO NOSSA SENHORA DE LOURDES;PRAÇA MONSENHOR DOMINGOS PINHEIRO 162;50;1031;14;RENAN ANTONIO FERREIRA DOS SANTOS;2,80E+11;311;226;213;2
47635;LAVRAS;160;ESCOLA MUNICIPAL PAULO MENICUCCI;RUA AGRIPINO AUGUSTO ANDRADE 425;194;1112;95;VOTO BRANCO;-1;274;225;205;9
47635;LAVRAS;160;UNILAVRAS;RUA PADRE JOSE POGGEL 506;128;1139;70;AUGUSTO JORGE CURY;2,80E+11;358;279;262;10
47635;LAVRAS;160;ESCOLA MUNICIPAL PADRE DEHON;AV, ANTONIO VAZ MONTEIRO, 338;107;1104;30;ROMEU ZEMA NETO;2,80E+11;379;296;274;1
47635;LAVRAS;160;ESCOLA MUNICIPAL PAULO MENICUCCI;RUA AGRIPINO AUGUSTO ANDRADE 425;217;1112;70;AUGUSTO JORGE CURY;2,80E+11;283;226;199;10
47635;LAVRAS;160;ESCOLA MUNICIPAL  ALVARO BOTELHO;PCA, DOUTOR JORGE 130;56;1040;95;VOTO BRANCO;-1;332;258;242;6
47635;LAVRAS;160;ESCOLA MUNICIPAL PAULO MENICUCCI;RUA AGRIPINO AUGUSTO ANDRADE 425;154;1112;13;LUIZ INÁCIO LULA DA SILVA;2,80E+11;286;219;189;91
47635;LAVRAS;160;ESCOLA MUNICIPAL OSCAR BOTELHO;RUA JOAQUIM CARLOS ALVARENGA 268;164;1074;95;VOTO BRANCO;-1;343;271;251;6
47635;LAVRAS;160;CAMPUS CARLOTA KEMPER;PRACA DR, AUGUSTO SILVA 616;92;1066;30;ROMEU ZEMA NETO;2,80E+11;345;255;243;4
47635;LAVRAS;160;ESCOLA ESTADUAL JOAO BATISTA HERMETO;RUA JAIR FERREIRA 285;43;1023;13;LUIZ INÁCIO LULA DA SILVA;2,80E+11;388;282;262;103
47635;LAVRAS;160;ESCOLA ESTADUAL CINIRA DE CARVALHO;RUA AUGUSTO VIEIRA SILVA 440;166;1147;95;VOTO BRANCO;-1;394;311;283;16
47635;LAVRAS;160;ESCOLA MUNICIPAL PAULO MENICUCCI;RUA AGRIPINO AUGUSTO ANDRADE 425;109;1112;13;LUIZ INÁCIO LULA DA SILVA;2,80E+11;270;188;168;68
47635;LAVRAS;160;ESCOLA MUNICIPAL OSCAR BOTELHO;RUA JOAQUIM CARLOS ALVARENGA 268;76;1074;13;LUIZ INÁCIO LULA DA SILVA;2,80E+11;343;255;231;129
47635;LAVRAS;160;ESCOLA ESTADUAL CINIRA DE CARVALHO;RUA AUGUSTO VIEIRA SILVA 440;249;1147;95;VOTO BRANCO;-1;395;296;275;10
47635;LAVRAS;160;ESCOLA MUNICIPAL PADRE DEHON;AV, ANTONIO VAZ MONTEIRO, 338;106;1104;35;WILSON GRASSI JUNIOR;2,80E+11;379;283;263;1
47635;LAVRAS;160;ESCOLA ESTADUAL JOAO BATISTA HERMETO;RUA JAIR FERREIRA 285;40;1023;95;VOTO BRANCO;-1;389;299;279;5
47635;LAVRAS;160;ESCOLA ESTADUAL FIRMINO COSTA;RUA BARBOSA LIMA 361;88;1082;30;ROMEU ZEMA NETO;2,80E+11;389;289;274;1
47635;LAVRAS;160;COLEGIO NOSSA SENHORA DE LOURDES;PRAÇA MONSENHOR DOMINGOS PINHEIRO 162;162;1031;55;RONALDO RAMOS CAIADO;2,80E+11;315;265;254;4
47635;LAVRAS;160;COLEGIO NOSSA SENHORA DE LOURDES;PRAÇA MONSENHOR DOMINGOS PINHEIRO 162;53;1031;96;VOTO NULO;-1;312;243;230;7
47635;LAVRAS;160;CAMPUS CARLOTA KEMPER;PRACA DR, AUGUSTO SILVA 616;72;1066;96;VOTO NULO;-1;345;244;232;10
47635;LAVRAS;160;ESCOLA MUNICIPAL PAULO MENICUCCI;RUA AGRIPINO AUGUSTO ANDRADE 425;171;1112;95;VOTO BRANCO;-1;284;233;206;13
47635;LAVRAS;160;ESCOLA MUNICIPAL PAULO MENICUCCI;RUA AGRIPINO AUGUSTO ANDRADE 425;154;1112;80;SAMARA MARTINS DA SILVA FEITOSA;2,80E+11;286;219;189;1
47635;LAVRAS;160;ESCOLA MUNICIPAL UMBELINA AZEVEDO AVELLAR;AVENIDA ANISIO HADDAD, 10;279;1228;80;SAMARA MARTINS DA SILVA FEITOSA;2,80E+11;385;277;257;3
47635;LAVRAS;160;ESCOLA ESTADUAL AZARIAS RIBEIRO;RUA  ORLANDINO PINTO RIBEIRO 254;65;1058;80;SAMARA MARTINS DA SILVA FEITOSA;2,80E+11;349;268;250;1
47635;LAVRAS;160;ESCOLA ESTADUAL FIRMINO COSTA;RUA BARBOSA LIMA 361;216;1082;95;VOTO BRANCO;-1;385;286;277;3
47635;LAVRAS;160;ESCOLA ESTADUAL AZARIAS RIBEIRO;RUA  ORLANDINO PINTO RIBEIRO 254;222;1058;70;AUGUSTO JORGE CURY;2,80E+11;351;276;260;9
47635;LAVRAS;160;ESCOLA ESTADUAL JOAO BATISTA HERMETO;RUA JAIR FERREIRA 285;46;1023;96;VOTO NULO;-1;384;296;276;13
47635;LAVRAS;160;COLEGIO TIRADENTES;COMANDANTE NELIO S/N;70;1171;55;RONALDO RAMOS CAIADO;2,80E+11;382;296;279;1
47635;LAVRAS;160;ESCOLA MUNICIPAL PADRE DEHON;AV, ANTONIO VAZ MONTEIRO, 338;106;1104;55;RONALDO RAMOS CAIADO;2,80E+11;379;283;263;7
47635;LAVRAS;160;ESCOLA MUNICIPAL DOUTORA DAMINA;RUA PEDRO MOURA 269;185;1015;80;SAMARA MARTINS DA SILVA FEITOSA;2,80E+11;334;258;247;1
47635;LAVRAS;160;CAIC - ESCOLA MUNICIPAL ITALIA CAUTIERO FRANCO;RUA RAIMUNDA MARQUES GUIMARAES S/N;103;1163;80;SAMARA MARTINS DA SILVA FEITOSA;2,80E+11;371;268;249;1
47635;LAVRAS;160;CAMPUS CARLOTA KEMPER;PRACA DR, AUGUSTO SILVA 616;93;1066;30;ROMEU ZEMA NETO;2,80E+11;346;243;233;2
47635;LAVRAS;160;ESCOLA ESTADUAL CINIRA DE CARVALHO;RUA AUGUSTO VIEIRA SILVA 440;258;1147;14;RENAN ANTONIO FERREIRA DOS SANTOS;2,80E+11;393;278;256;7
47635;LAVRAS;160;ESCOLA ESTADUAL CINIRA DE CARVALHO;RUA AUGUSTO VIEIRA SILVA 440;191;1147;30;ROMEU ZEMA NETO;2,80E+11;395;305;279;3
47635;LAVRAS;160;ESCOLA ESTADUAL JOAO BATISTA HERMETO;RUA JAIR FERREIRA 285;168;1023;70;AUGUSTO JORGE CURY;2,80E+11;386;309;286;5
47635;LAVRAS;160;ESCOLA MUNICIPAL PADRE DEHON;AV, ANTONIO VAZ MONTEIRO, 338;106;1104;70;AUGUSTO JORGE CURY;2,80E+11;379;283;263;9
47635;LAVRAS;160;ESCOLA MUNICIPAL PAULO MENICUCCI;RUA AGRIPINO AUGUSTO ANDRADE 425;115;1112;55;RONALDO RAMOS CAIADO;2,80E+11;269;197;175;8
47635;LAVRAS;160;ESCOLA ESTADUAL CINIRA DE CARVALHO;RUA AUGUSTO VIEIRA SILVA 440;174;1147;95;VOTO BRANCO;-1;394;308;288;10
47635;LAVRAS;160;ESCOLA ESTADUAL AZARIAS RIBEIRO;RUA  ORLANDINO PINTO RIBEIRO 254;64;1058;70;AUGUSTO JORGE CURY;2,80E+11;355;256;223;5
47635;LAVRAS;160;ESCOLA ESTADUAL JOAO BATISTA HERMETO;RUA JAIR FERREIRA 285;37;1023;70;AUGUSTO JORGE CURY;2,80E+11;388;280;266;9
47635;LAVRAS;160;ESCOLA ESTADUAL JOAO BATISTA HERMETO;RUA JAIR FERREIRA 285;42;1023;27;CLARIANA ZACARKIM BARAO;2,80E+11;387;282;260;1
47635;LAVRAS;160;ESCOLA ESTADUAL CRISTIANO DE SOUZA;AV, DUQUE DA ROCHA 501;280;1155;80;SAMARA MARTINS DA SILVA FEITOSA;2,80E+11;386;293;267;1
47635;LAVRAS;160;ESCOLA ESTADUAL FIRMINO COSTA;RUA BARBOSA LIMA 361;205;1082;70;AUGUSTO JORGE CURY;2,80E+11;391;293;275;10
47635;LAVRAS;160;CAMPUS CARLOTA KEMPER;PRACA DR, AUGUSTO SILVA 616;96;1066;95;VOTO BRANCO;-1;345;283;271;5
47635;LAVRAS;160;ESCOLA MUNICIPAL UMBELINA AZEVEDO AVELLAR;AVENIDA ANISIO HADDAD, 10;286;1228;95;VOTO BRANCO;-1;158;137;116;6
47635;LAVRAS;160;ESCOLA MUNICIPAL PAULO LOURENCO MENICUCCI;RUA LUIZ CARLOS DE SOUZA 33;257;1210;70;AUGUSTO JORGE CURY;2,80E+11;383;302;277;14
47635;LAVRAS;160;ESCOLA MUNICIPAL PAULO MENICUCCI;RUA AGRIPINO AUGUSTO ANDRADE 425;115;1112;96;VOTO NULO;-1;269;197;175;14
47635;LAVRAS;160;COLEGIO NOSSA SENHORA DE LOURDES;PRAÇA MONSENHOR DOMINGOS PINHEIRO 162;51;1031;96;VOTO NULO;-1;316;240;231;8
47635;LAVRAS;160;ESCOLA MUNICIPAL PAULO MENICUCCI;RUA AGRIPINO AUGUSTO ANDRADE 425;111;1112;14;RENAN ANTONIO FERREIRA DOS SANTOS;2,80E+11;274;194;174;3
47635;LAVRAS;160;ESCOLA ESTADUAL JOAO BATISTA HERMETO;RUA JAIR FERREIRA 285;155;1023;14;RENAN ANTONIO FERREIRA DOS SANTOS;2,80E+11;391;309;280;5
47635;LAVRAS;160;ESCOLA MUNICIPAL PAULO MENICUCCI;RUA AGRIPINO AUGUSTO ANDRADE 425;114;1112;96;VOTO NULO;-1;271;203;183;11
47635;LAVRAS;160;ESCOLA ESTADUAL AZARIAS RIBEIRO;RUA  ORLANDINO PINTO RIBEIRO 254;65;1058;96;VOTO NULO;-1;349;268;250;14
47635;LAVRAS;160;CAMPUS CARLOTA KEMPER;PRACA DR, AUGUSTO SILVA 616;71;1066;96;VOTO NULO;-1;345;245;238;5
47635;LAVRAS;160;ESCOLA MUNICIPAL  ALVARO BOTELHO;PCA, DOUTOR JORGE 130;57;1040;22;FLAVIO NANTES BOLSONARO;2,80E+11;338;251;235;106
47635;LAVRAS;160;INSTITUTO GAMMON;PÇA, DR, JORGE 370;123;1120;14;RENAN ANTONIO FERREIRA DOS SANTOS;2,80E+11;317;239;228;6
47635;LAVRAS;160;ESCOLA ESTADUAL AZARIAS RIBEIRO;RUA  ORLANDINO PINTO RIBEIRO 254;60;1058;14;RENAN ANTONIO FERREIRA DOS SANTOS;2,80E+11;358;252;236;3
47635;LAVRAS;160;E, M, PROFESSOR JOSE LUIZ DE MESQUITA;RUA CECILIA MEIRELES 101;232;1236;22;FLAVIO NANTES BOLSONARO;2,80E+11;368;284;259;113
47635;LAVRAS;160;ESCOLA ESTADUAL CRISTIANO DE SOUZA;AV, DUQUE DA ROCHA 501;204;1155;22;FLAVIO NANTES BOLSONARO;2,80E+11;393;308;280;123
47635;LAVRAS;160;ESCOLA ESTADUAL CRISTIANO DE SOUZA;AV, DUQUE DA ROCHA 501;261;1155;95;VOTO BRANCO;-1;389;303;281;15
47635;LAVRAS;160;INSTITUTO GAMMON;PÇA, DR, JORGE 370;120;1120;70;AUGUSTO JORGE CURY;2,80E+11;319;251;243;9
47635;LAVRAS;160;ESCOLA ESTADUAL CRISTIANO DE SOUZA;AV, DUQUE DA ROCHA 501;197;1155;95;VOTO BRANCO;-1;385;295;264;12
47635;LAVRAS;160;ESCOLA ESTADUAL CINIRA DE CARVALHO;RUA AUGUSTO VIEIRA SILVA 440;184;1147;70;AUGUSTO JORGE CURY;2,80E+11;393;303;280;6
47635;LAVRAS;160;ESCOLA MUNICIPAL DOUTORA DAMINA;RUA PEDRO MOURA 269;185;1015;30;ROMEU ZEMA NETO;2,80E+11;334;258;247;1
47635;LAVRAS;160;ESCOLA ESTADUAL CRISTIANO DE SOUZA;AV, DUQUE DA ROCHA 501;225;1155;95;VOTO BRANCO;-1;390;295;274;12
47635;LAVRAS;160;ESCOLA ESTADUAL FIRMINO COSTA;RUA BARBOSA LIMA 361;87;1082;21;EDMILSON SILVA COSTA;2,80E+11;387;252;235;1
47635;LAVRAS;160;COLEGIO TIRADENTES;COMANDANTE NELIO S/N;70;1171;14;RENAN ANTONIO FERREIRA DOS SANTOS;2,80E+11;382;296;279;10
47635;LAVRAS;160;CAMPUS CARLOTA KEMPER;PRACA DR, AUGUSTO SILVA 616;91;1066;70;AUGUSTO JORGE CURY;2,80E+11;344;239;228;7
47635;LAVRAS;160;ESCOLA ESTADUAL TIRADENTES;RUA COMANDANTE NÉLIO, N, 07;277;1260;80;SAMARA MARTINS DA SILVA FEITOSA;2,80E+11;394;312;299;1
47635;LAVRAS;160;ESCOLA MUNICIPAL OSCAR BOTELHO;RUA JOAQUIM CARLOS ALVARENGA 268;77;1074;80;SAMARA MARTINS DA SILVA FEITOSA;2,80E+11;341;247;222;1
47635;LAVRAS;160;INSTITUTO GAMMON;PÇA, DR, JORGE 370;123;1120;30;ROMEU ZEMA NETO;2,80E+11;317;239;228;2
47635;LAVRAS;160;COLEGIO TIRADENTES;COMANDANTE NELIO S/N;152;1171;96;VOTO NULO;-1;382;309;295;8
47635;LAVRAS;160;ESCOLA ESTADUAL CINIRA DE CARVALHO;RUA AUGUSTO VIEIRA SILVA 440;174;1147;96;VOTO NULO;-1;394;308;288;10
47635;LAVRAS;160;ESCOLA ESTADUAL FIRMINO COSTA;RUA BARBOSA LIMA 361;85;1082;13;LUIZ INÁCIO LULA DA SILVA;2,80E+11;389;279;263;119
47635;LAVRAS;160;COLEGIO NOSSA SENHORA DE LOURDES;PRAÇA MONSENHOR DOMINGOS PINHEIRO 162;172;1031;14;RENAN ANTONIO FERREIRA DOS SANTOS;2,80E+11;314;253;244;8
47635;LAVRAS;160;ESCOLA MUNICIPAL PAULO LOURENCO MENICUCCI;RUA LUIZ CARLOS DE SOUZA 33;257;1210;95;VOTO BRANCO;-1;383;302;277;10
47635;LAVRAS;160;UNILAVRAS;RUA PADRE JOSE POGGEL 506;129;1139;30;ROMEU ZEMA NETO;2,80E+11;358;277;265;9
47635;LAVRAS;160;ESCOLA MUNICIPAL DOUTORA DAMINA;RUA PEDRO MOURA 269;35;1015;30;ROMEU ZEMA NETO;2,80E+11;330;245;228;3
47635;LAVRAS;160;COLEGIO TIRADENTES;COMANDANTE NELIO S/N;152;1171;14;RENAN ANTONIO FERREIRA DOS SANTOS;2,80E+11;382;309;295;5
47635;LAVRAS;160;ESCOLA MUNICIPAL PAULO MENICUCCI;RUA AGRIPINO AUGUSTO ANDRADE 425;203;1112;13;LUIZ INÁCIO LULA DA SILVA;2,80E+11;283;234;215;102
47635;LAVRAS;160;ESCOLA ESTADUAL AZARIAS RIBEIRO;RUA  ORLANDINO PINTO RIBEIRO 254;60;1058;95;VOTO BRANCO;-1;358;252;236;7
47635;LAVRAS;160;ESCOLA MUNICIPAL FRANCISCO SALES;RUA SANTOS PENONI S/N;99;1090;30;ROMEU ZEMA NETO;2,80E+11;397;288;259;3
47635;LAVRAS;160;ESCOLA MUNICIPAL OSCAR BOTELHO;RUA JOAQUIM CARLOS ALVARENGA 268;79;1074;70;AUGUSTO JORGE CURY;2,80E+11;343;282;248;7
47635;LAVRAS;160;ESCOLA MUNICIPAL OSCAR BOTELHO;RUA JOAQUIM CARLOS ALVARENGA 268;74;1074;95;VOTO BRANCO;-1;341;245;207;20
47635;LAVRAS;160;ESCOLA MUNICIPAL PAULO MENICUCCI;RUA AGRIPINO AUGUSTO ANDRADE 425;109;1112;95;VOTO BRANCO;-1;270;188;168;8
47635;LAVRAS;160;ESCOLA MUNICIPAL OSCAR BOTELHO;RUA JOAQUIM CARLOS ALVARENGA 268;188;1074;95;VOTO BRANCO;-1;344;271;244;15
47635;LAVRAS;160;E, M, PROFESSOR ÉDIO DO NASCIMENTO BIRINDIBA;ESTAÇÃO FERROVIÁRIA DO ITIRAPUAN;238;1244;13;LUIZ INÁCIO LULA DA SILVA;2,80E+11;319;192;181;39
47635;LAVRAS;160;COLEGIO TIRADENTES;COMANDANTE NELIO S/N;158;1171;30;ROMEU ZEMA NETO;2,80E+11;384;310;295;1
47635;LAVRAS;160;ESCOLA MUNICIPAL  ALVARO BOTELHO;PCA, DOUTOR JORGE 130;187;1040;96;VOTO NULO;-1;331;244;228;8
47635;LAVRAS;160;COLEGIO NOSSA SENHORA DE LOURDES;PRAÇA MONSENHOR DOMINGOS PINHEIRO 162;50;1031;55;RONALDO RAMOS CAIADO;2,80E+11;311;226;213;5
47635;LAVRAS;160;ESCOLA ESTADUAL JOAO BATISTA HERMETO;RUA JAIR FERREIRA 285;271;1023;96;VOTO NULO;-1;383;281;262;12
47635;LAVRAS;160;INSTITUTO GAMMON;PÇA, DR, JORGE 370;126;1120;30;ROMEU ZEMA NETO;2,80E+11;315;251;242;4
47635;LAVRAS;160;ESCOLA MUNICIPAL DOUTORA DAMINA;RUA PEDRO MOURA 269;30;1015;30;ROMEU ZEMA NETO;2,80E+11;337;246;230;3
47635;LAVRAS;160;E, M, PROFESSOR JOSE LUIZ DE MESQUITA;RUA CECILIA MEIRELES 101;252;1236;96;VOTO NULO;-1;372;279;258;7
47635;LAVRAS;160;E, M, PROFESSOR JOSE LUIZ DE MESQUITA;RUA CECILIA MEIRELES 101;232;1236;14;RENAN ANTONIO FERREIRA DOS SANTOS;2,80E+11;368;284;259;8
47635;LAVRAS;160;CAMPUS CARLOTA KEMPER;PRACA DR, AUGUSTO SILVA 616;160;1066;96;VOTO NULO;-1;345;257;244;10
47635;LAVRAS;160;ESCOLA ESTADUAL AZARIAS RIBEIRO;RUA  ORLANDINO PINTO RIBEIRO 254;244;1058;96;VOTO NULO;-1;352;286;268;12
47635;LAVRAS;160;COLEGIO TIRADENTES;COMANDANTE NELIO S/N;208;1171;30;ROMEU ZEMA NETO;2,80E+11;381;303;287;4
47635;LAVRAS;160;ESCOLA MUNICIPAL PAULO MENICUCCI;RUA AGRIPINO AUGUSTO ANDRADE 425;171;1112;96;VOTO NULO;-1;284;233;206;14
47635;LAVRAS;160;ESCOLA MUNICIPAL FRANCISCO SALES;RUA SANTOS PENONI S/N;98;1090;55;RONALDO RAMOS CAIADO;2,80E+11;396;273;257;6
47635;LAVRAS;160;ESCOLA ESTADUAL CINIRA DE CARVALHO;RUA AUGUSTO VIEIRA SILVA 440;207;1147;55;RONALDO RAMOS CAIADO;2,80E+11;388;309;282;8
47635;LAVRAS;160;ESCOLA MUNICIPAL FRANCISCO SALES;RUA SANTOS PENONI S/N;97;1090;14;RENAN ANTONIO FERREIRA DOS SANTOS;2,80E+11;401;286;263;7
47635;LAVRAS;160;ESCOLA MUNICIPAL  ALVARO BOTELHO;PCA, DOUTOR JORGE 130;56;1040;22;FLAVIO NANTES BOLSONARO;2,80E+11;332;258;242;111
47635;LAVRAS;160;INSTITUTO GAMMON;PÇA, DR, JORGE 370;120;1120;14;RENAN ANTONIO FERREIRA DOS SANTOS;2,80E+11;319;251;243;4
47635;LAVRAS;160;ESCOLA ESTADUAL FIRMINO COSTA;RUA BARBOSA LIMA 361;80;1082;22;FLAVIO NANTES BOLSONARO;2,80E+11;381;268;248;137
47635;LAVRAS;160;ESCOLA ESTADUAL AZARIAS RIBEIRO;RUA  ORLANDINO PINTO RIBEIRO 254;244;1058;22;FLAVIO NANTES BOLSONARO;2,80E+11;352;286;268;139
47635;LAVRAS;160;COLEGIO NOSSA SENHORA DE LOURDES;PRAÇA MONSENHOR DOMINGOS PINHEIRO 162;49;1031;70;AUGUSTO JORGE CURY;2,80E+11;315;233;226;4
47635;LAVRAS;160;INSTITUTO GAMMON;PÇA, DR, JORGE 370;119;1120;95;VOTO BRANCO;-1;322;239;229;3
47635;LAVRAS;160;E, M, PROFESSOR JOSE LUIZ DE MESQUITA;RUA CECILIA MEIRELES 101;193;1236;70;AUGUSTO JORGE CURY;2,80E+11;368;267;243;7
47635;LAVRAS;160;ESCOLA ESTADUAL CINIRA DE CARVALHO;RUA AUGUSTO VIEIRA SILVA 440;178;1147;70;AUGUSTO JORGE CURY;2,80E+11;397;317;292;12
47635;LAVRAS;160;ESCOLA MUNICIPAL DOUTORA DAMINA;RUA PEDRO MOURA 269;32;1015;70;AUGUSTO JORGE CURY;2,80E+11;333;254;245;8
47635;LAVRAS;160;ESCOLA ESTADUAL FIRMINO COSTA;RUA BARBOSA LIMA 361;81;1082;70;AUGUSTO JORGE CURY;2,80E+11;391;266;254;10
47635;LAVRAS;160;ESCOLA ESTADUAL JOAO BATISTA HERMETO;RUA JAIR FERREIRA 285;46;1023;14;RENAN ANTONIO FERREIRA DOS SANTOS;2,80E+11;384;296;276;12
47635;LAVRAS;160;INSTITUTO GAMMON;PÇA, DR, JORGE 370;157;1120;14;RENAN ANTONIO FERREIRA DOS SANTOS;2,80E+11;318;251;238;2
47635;LAVRAS;160;ESCOLA ESTADUAL FIRMINO COSTA;RUA BARBOSA LIMA 361;86;1082;95;VOTO BRANCO;-1;388;292;272;5
47635;LAVRAS;160;ESCOLA MUNICIPAL JOSE SERAFIM;RUA HELIO LUCIO DO CARMO 10;227;1201;30;ROMEU ZEMA NETO;2,80E+11;302;229;207;2
47635;LAVRAS;160;CAIC - ESCOLA MUNICIPAL ITALIA CAUTIERO FRANCO;RUA RAIMUNDA MARQUES GUIMARAES S/N;175;1163;14;RENAN ANTONIO FERREIRA DOS SANTOS;2,80E+11;371;306;281;2
47635;LAVRAS;160;ESCOLA MUNICIPAL PAULO MENICUCCI;RUA AGRIPINO AUGUSTO ANDRADE 425;171;1112;70;AUGUSTO JORGE CURY;2,80E+11;284;233;206;6
47635;LAVRAS;160;ESCOLA ESTADUAL AZARIAS RIBEIRO;RUA  ORLANDINO PINTO RIBEIRO 254;244;1058;70;AUGUSTO JORGE CURY;2,80E+11;352;286;268;8
47635;LAVRAS;160;ESCOLA ESTADUAL AZARIAS RIBEIRO;RUA  ORLANDINO PINTO RIBEIRO 254;64;1058;14;RENAN ANTONIO FERREIRA DOS SANTOS;2,80E+11;355;256;223;5
47635;LAVRAS;160;ESCOLA ESTADUAL FIRMINO COSTA;RUA BARBOSA LIMA 361;89;1082;14;RENAN ANTONIO FERREIRA DOS SANTOS;2,80E+11;391;284;271;3
47635;LAVRAS;160;COLEGIO NOSSA SENHORA DE LOURDES;PRAÇA MONSENHOR DOMINGOS PINHEIRO 162;162;1031;70;AUGUSTO JORGE CURY;2,80E+11;315;265;254;12
47635;LAVRAS;160;ESCOLA ESTADUAL AZARIAS RIBEIRO;RUA  ORLANDINO PINTO RIBEIRO 254;63;1058;22;FLAVIO NANTES BOLSONARO;2,80E+11;350;252;239;116
47635;LAVRAS;160;CAMPUS CARLOTA KEMPER;PRACA DR, AUGUSTO SILVA 616;91;1066;14;RENAN ANTONIO FERREIRA DOS SANTOS;2,80E+11;344;239;228;10
47635;LAVRAS;160;ESCOLA ESTADUAL TIRADENTES;RUA COMANDANTE NÉLIO, N, 07;277;1260;55;RONALDO RAMOS CAIADO;2,80E+11;394;312;299;1
47635;LAVRAS;160;ESCOLA ESTADUAL FIRMINO COSTA;RUA BARBOSA LIMA 361;90;1082;70;AUGUSTO JORGE CURY;2,80E+11;388;283;269;11
47635;LAVRAS;160;ESCOLA MUNICIPAL OSCAR BOTELHO;RUA JOAQUIM CARLOS ALVARENGA 268;263;1074;70;AUGUSTO JORGE CURY;2,80E+11;340;255;224;7
47635;LAVRAS;160;CAIC - ESCOLA MUNICIPAL ITALIA CAUTIERO FRANCO;RUA RAIMUNDA MARQUES GUIMARAES S/N;250;1163;14;RENAN ANTONIO FERREIRA DOS SANTOS;2,80E+11;369;298;277;10
47635;LAVRAS;160;ESCOLA MUNICIPAL PAULO MENICUCCI;RUA AGRIPINO AUGUSTO ANDRADE 425;114;1112;30;ROMEU ZEMA NETO;2,80E+11;271;203;183;1
47635;LAVRAS;160;COLEGIO NOSSA SENHORA DE LOURDES;PRAÇA MONSENHOR DOMINGOS PINHEIRO 162;52;1031;80;SAMARA MARTINS DA SILVA FEITOSA;2,80E+11;313;240;232;1
47635;LAVRAS;160;ESCOLA MUNICIPAL PAULO MENICUCCI;RUA AGRIPINO AUGUSTO ANDRADE 425;203;1112;14;RENAN ANTONIO FERREIRA DOS SANTOS;2,80E+11;283;234;215;3
47635;LAVRAS;160;ESCOLA ESTADUAL AZARIAS RIBEIRO;RUA  ORLANDINO PINTO RIBEIRO 254;244;1058;14;RENAN ANTONIO FERREIRA DOS SANTOS;2,80E+11;352;286;268;5
47635;LAVRAS;160;ESCOLA MUNICIPAL PAULO MENICUCCI;RUA AGRIPINO AUGUSTO ANDRADE 425;154;1112;55;RONALDO RAMOS CAIADO;2,80E+11;286;219;189;5
47635;LAVRAS;160;ESCOLA ESTADUAL FIRMINO COSTA;RUA BARBOSA LIMA 361;83;1082;35;WILSON GRASSI JUNIOR;2,80E+11;390;265;248;1
47635;LAVRAS;160;ESCOLA ESTADUAL TIRADENTES;RUA COMANDANTE NÉLIO, N, 07;284;1260;30;ROMEU ZEMA NETO;2,80E+11;389;317;301;3
47635;LAVRAS;160;UNILAVRAS;RUA PADRE JOSE POGGEL 506;127;1139;55;RONALDO RAMOS CAIADO;2,80E+11;357;256;241;5
47635;LAVRAS;160;ESCOLA MUNICIPAL DOUTORA DAMINA;RUA PEDRO MOURA 269;170;1015;55;RONALDO RAMOS CAIADO;2,80E+11;337;250;237;2
47635;LAVRAS;160;ESCOLA ESTADUAL AZARIAS RIBEIRO;RUA  ORLANDINO PINTO RIBEIRO 254;60;1058;55;RONALDO RAMOS CAIADO;2,80E+11;358;252;236;6
47635;LAVRAS;160;E, M, PROFESSOR JOSE LUIZ DE MESQUITA;RUA CECILIA MEIRELES 101;232;1236;55;RONALDO RAMOS CAIADO;2,80E+11;368;284;259;7
47635;LAVRAS;160;ESCOLA MUNICIPAL DOUTORA DAMINA;RUA PEDRO MOURA 269;31;1015;96;VOTO NULO;-1;341;255;242;8
47635;LAVRAS;160;COLEGIO TIRADENTES;COMANDANTE NELIO S/N;70;1171;22;FLAVIO NANTES BOLSONARO;2,80E+11;382;296;279;159
47635;LAVRAS;160;ESCOLA ESTADUAL FIRMINO COSTA;RUA BARBOSA LIMA 361;85;1082;22;FLAVIO NANTES BOLSONARO;2,80E+11;389;279;263;127
47635;LAVRAS;160;COLEGIO NOSSA SENHORA DE LOURDES;PRAÇA MONSENHOR DOMINGOS PINHEIRO 162;50;1031;22;FLAVIO NANTES BOLSONARO;2,80E+11;311;226;213;128
47635;LAVRAS;160;COLEGIO NOSSA SENHORA DE LOURDES;PRAÇA MONSENHOR DOMINGOS PINHEIRO 162;196;1031;14;RENAN ANTONIO FERREIRA DOS SANTOS;2,80E+11;310;247;233;4
47635;LAVRAS;160;ESCOLA MUNICIPAL UMBELINA AZEVEDO AVELLAR;AVENIDA ANISIO HADDAD, 10;243;1228;55;RONALDO RAMOS CAIADO;2,80E+11;367;284;263;5
47635;LAVRAS;160;UNILAVRAS;RUA PADRE JOSE POGGEL 506;127;1139;14;RENAN ANTONIO FERREIRA DOS SANTOS;2,80E+11;357;256;241;8
47635;LAVRAS;160;ESCOLA ESTADUAL TIRADENTES;RUA COMANDANTE NÉLIO, N, 07;281;1260;16;HERTZ DA CONCEICAO DIAS;2,80E+11;392;286;273;1
47635;LAVRAS;160;CAIC - ESCOLA MUNICIPAL ITALIA CAUTIERO FRANCO;RUA RAIMUNDA MARQUES GUIMARAES S/N;104;1163;80;SAMARA MARTINS DA SILVA FEITOSA;2,80E+11;375;309;292;1
47635;LAVRAS;160;UNILAVRAS;RUA PADRE JOSE POGGEL 506;259;1139;14;RENAN ANTONIO FERREIRA DOS SANTOS;2,80E+11;358;284;274;12
47635;LAVRAS;160;ESCOLA ESTADUAL AZARIAS RIBEIRO;RUA  ORLANDINO PINTO RIBEIRO 254;66;1058;30;ROMEU ZEMA NETO;2,80E+11;355;268;252;2
47635;LAVRAS;160;UNILAVRAS;RUA PADRE JOSE POGGEL 506;149;1139;55;RONALDO RAMOS CAIADO;2,80E+11;358;293;282;11
47635;LAVRAS;160;ESCOLA MUNICIPAL PAULO MENICUCCI;RUA AGRIPINO AUGUSTO ANDRADE 425;108;1112;30;ROMEU ZEMA NETO;2,80E+11;289;197;178;3
47635;LAVRAS;160;CAMPUS CARLOTA KEMPER;PRACA DR, AUGUSTO SILVA 616;91;1066;13;LUIZ INÁCIO LULA DA SILVA;2,80E+11;344;239;228;75
47635;LAVRAS;160;ESCOLA MUNICIPAL UMBELINA AZEVEDO AVELLAR;AVENIDA ANISIO HADDAD, 10;279;1228;96;VOTO NULO;-1;385;277;257;13
47635;LAVRAS;160;COLEGIO TIRADENTES;COMANDANTE NELIO S/N;223;1171;96;VOTO NULO;-1;378;297;281;9
47635;LAVRAS;160;ESCOLA MUNICIPAL FRANCISCO SALES;RUA SANTOS PENONI S/N;97;1090;96;VOTO NULO;-1;401;286;263;10
47635;LAVRAS;160;CAIC - ESCOLA MUNICIPAL ITALIA CAUTIERO FRANCO;RUA RAIMUNDA MARQUES GUIMARAES S/N;218;1163;96;VOTO NULO;-1;371;292;270;19
47635;LAVRAS;160;UNILAVRAS;RUA PADRE JOSE POGGEL 506;259;1139;70;AUGUSTO JORGE CURY;2,80E+11;358;284;274;11
47635;LAVRAS;160;COLEGIO NOSSA SENHORA DE LOURDES;PRAÇA MONSENHOR DOMINGOS PINHEIRO 162;53;1031;13;LUIZ INÁCIO LULA DA SILVA;2,80E+11;312;243;230;87
47635;LAVRAS;160;ESCOLA ESTADUAL JOAO BATISTA HERMETO;RUA JAIR FERREIRA 285;44;1023;14;RENAN ANTONIO FERREIRA DOS SANTOS;2,80E+11;389;286;262;7
47635;LAVRAS;160;ESCOLA ESTADUAL FIRMINO COSTA;RUA BARBOSA LIMA 361;81;1082;14;RENAN ANTONIO FERREIRA DOS SANTOS;2,80E+11;391;266;254;4
47635;LAVRAS;160;ESCOLA MUNICIPAL DOUTORA DAMINA;RUA PEDRO MOURA 269;33;1015;70;AUGUSTO JORGE CURY;2,80E+11;333;241;228;10
47635;LAVRAS;160;ESCOLA MUNICIPAL  ALVARO BOTELHO;PCA, DOUTOR JORGE 130;57;1040;70;AUGUSTO JORGE CURY;2,80E+11;338;251;235;10
47635;LAVRAS;160;COLEGIO NOSSA SENHORA DE LOURDES;PRAÇA MONSENHOR DOMINGOS PINHEIRO 162;48;1031;95;VOTO BRANCO;-1;317;234;228;5
47635;LAVRAS;160;ESCOLA MUNICIPAL PAULO MENICUCCI;RUA AGRIPINO AUGUSTO ANDRADE 425;217;1112;30;ROMEU ZEMA NETO;2,80E+11;283;226;199;3
47635;LAVRAS;160;ESCOLA ESTADUAL CINIRA DE CARVALHO;RUA AUGUSTO VIEIRA SILVA 440;178;1147;30;ROMEU ZEMA NETO;2,80E+11;397;317;292;2
47635;LAVRAS;160;CAMPUS CARLOTA KEMPER;PRACA DR, AUGUSTO SILVA 616;71;1066;14;RENAN ANTONIO FERREIRA DOS SANTOS;2,80E+11;345;245;238;11
47635;LAVRAS;160;CAIC - ESCOLA MUNICIPAL ITALIA CAUTIERO FRANCO;RUA RAIMUNDA MARQUES GUIMARAES S/N;180;1163;14;RENAN ANTONIO FERREIRA DOS SANTOS;2,80E+11;367;307;278;2
47635;LAVRAS;160;ESCOLA MUNICIPAL JOSE SERAFIM;RUA HELIO LUCIO DO CARMO 10;242;1201;14;RENAN ANTONIO FERREIRA DOS SANTOS;2,80E+11;299;236;205;1
47635;LAVRAS;160;ESCOLA ESTADUAL JOAO BATISTA HERMETO;RUA JAIR FERREIRA 285;41;1023;70;AUGUSTO JORGE CURY;2,80E+11;391;302;283;13
47635;LAVRAS;160;UNILAVRAS;RUA PADRE JOSE POGGEL 506;176;1139;70;AUGUSTO JORGE CURY;2,80E+11;355;281;274;16
47635;LAVRAS;160;COLEGIO NOSSA SENHORA DE LOURDES;PRAÇA MONSENHOR DOMINGOS PINHEIRO 162;196;1031;70;AUGUSTO JORGE CURY;2,80E+11;310;247;233;11
47635;LAVRAS;160;ESCOLA MUNICIPAL DOUTORA DAMINA;RUA PEDRO MOURA 269;35;1015;70;AUGUSTO JORGE CURY;2,80E+11;330;245;228;10
47635;LAVRAS;160;UNILAVRAS;RUA PADRE JOSE POGGEL 506;226;1139;16;HERTZ DA CONCEICAO DIAS;2,80E+11;355;268;262;1
47635;LAVRAS;160;ESCOLA ESTADUAL TIRADENTES;RUA COMANDANTE NÉLIO, N, 07;281;1260;22;FLAVIO NANTES BOLSONARO;2,80E+11;392;286;273;147
47635;LAVRAS;160;ESCOLA MUNICIPAL DOUTORA DAMINA;RUA PEDRO MOURA 269;34;1015;14;RENAN ANTONIO FERREIRA DOS SANTOS;2,80E+11;339;243;231;4
47635;LAVRAS;160;ESCOLA MUNICIPAL FRANCISCO SALES;RUA SANTOS PENONI S/N;99;1090;55;RONALDO RAMOS CAIADO;2,80E+11;397;288;259;5
47635;LAVRAS;160;ESCOLA MUNICIPAL PAULO MENICUCCI;RUA AGRIPINO AUGUSTO ANDRADE 425;109;1112;22;FLAVIO NANTES BOLSONARO;2,80E+11;270;188;168;76
47635;LAVRAS;160;ESCOLA MUNICIPAL PAULO LOURENCO MENICUCCI;RUA LUIZ CARLOS DE SOUZA 33;235;1210;22;FLAVIO NANTES BOLSONARO;2,80E+11;380;299;262;128
47635;LAVRAS;160;ESCOLA ESTADUAL FIRMINO COSTA;RUA BARBOSA LIMA 361;84;1082;14;RENAN ANTONIO FERREIRA DOS SANTOS;2,80E+11;389;276;266;11
47635;LAVRAS;160;CAIC - ESCOLA MUNICIPAL ITALIA CAUTIERO FRANCO;RUA RAIMUNDA MARQUES GUIMARAES S/N;250;1163;22;FLAVIO NANTES BOLSONARO;2,80E+11;369;298;277;151
47635;LAVRAS;160;ESCOLA MUNICIPAL JOSE SERAFIM;RUA HELIO LUCIO DO CARMO 10;214;1201;22;FLAVIO NANTES BOLSONARO;2,80E+11;303;236;198;64
47635;LAVRAS;160;ESCOLA ESTADUAL CRISTIANO DE SOUZA;AV, DUQUE DA ROCHA 501;225;1155;30;ROMEU ZEMA NETO;2,80E+11;390;295;274;1
47635;LAVRAS;160;ESCOLA MUNICIPAL PADRE DEHON;AV, ANTONIO VAZ MONTEIRO, 338;105;1104;13;LUIZ INÁCIO LULA DA SILVA;2,80E+11;383;293;275;111
47635;LAVRAS;160;COLEGIO TIRADENTES;COMANDANTE NELIO S/N;231;1171;22;FLAVIO NANTES BOLSONARO;2,80E+11;374;294;275;162
47635;LAVRAS;160;ESCOLA ESTADUAL CRISTIANO DE SOUZA;AV, DUQUE DA ROCHA 501;261;1155;13;LUIZ INÁCIO LULA DA SILVA;2,80E+11;389;303;281;135
47635;LAVRAS;160;CAMPUS CARLOTA KEMPER;PRACA DR, AUGUSTO SILVA 616;96;1066;27;CLARIANA ZACARKIM BARAO;2,80E+11;345;283;271;1
47635;LAVRAS;160;E, M, PROFESSOR JOSE LUIZ DE MESQUITA;RUA CECILIA MEIRELES 101;206;1236;55;RONALDO RAMOS CAIADO;2,80E+11;372;279;247;4
47635;LAVRAS;160;ESCOLA MUNICIPAL UMBELINA AZEVEDO AVELLAR;AVENIDA ANISIO HADDAD, 10;233;1228;55;RONALDO RAMOS CAIADO;2,80E+11;374;284;260;5
47635;LAVRAS;160;CAIC - ESCOLA MUNICIPAL ITALIA CAUTIERO FRANCO;RUA RAIMUNDA MARQUES GUIMARAES S/N;159;1163;96;VOTO NULO;-1;371;309;285;16
47635;LAVRAS;160;E, M, PROFESSOR ÉDIO DO NASCIMENTO BIRINDIBA;ESTAÇÃO FERROVIÁRIA DO ITIRAPUAN;285;1244;70;AUGUSTO JORGE CURY;2,80E+11;114;92;86;4
47635;LAVRAS;160;ESCOLA ESTADUAL CRISTIANO DE SOUZA;AV, DUQUE DA ROCHA 501;236;1155;95;VOTO BRANCO;-1;391;319;303;7
47635;LAVRAS;160;ESCOLA MUNICIPAL  ALVARO BOTELHO;PCA, DOUTOR JORGE 130;59;1040;70;AUGUSTO JORGE CURY;2,80E+11;336;256;242;2
47635;LAVRAS;160;ESCOLA ESTADUAL CINIRA DE CARVALHO;RUA AUGUSTO VIEIRA SILVA 440;240;1147;14;RENAN ANTONIO FERREIRA DOS SANTOS;2,80E+11;394;302;272;7
47635;LAVRAS;160;ESCOLA ESTADUAL AZARIAS RIBEIRO;RUA  ORLANDINO PINTO RIBEIRO 254;64;1058;55;RONALDO RAMOS CAIADO;2,80E+11;355;256;223;10
47635;LAVRAS;160;CAIC - ESCOLA MUNICIPAL ITALIA CAUTIERO FRANCO;RUA RAIMUNDA MARQUES GUIMARAES S/N;159;1163;70;AUGUSTO JORGE CURY;2,80E+11;371;309;285;8
47635;LAVRAS;160;INSTITUTO GAMMON;PÇA, DR, JORGE 370;157;1120;70;AUGUSTO JORGE CURY;2,80E+11;318;251;238;10
47635;LAVRAS;160;COLEGIO TIRADENTES;COMANDANTE NELIO S/N;208;1171;70;AUGUSTO JORGE CURY;2,80E+11;381;303;287;12
47635;LAVRAS;160;CAMPUS CARLOTA KEMPER;PRACA DR, AUGUSTO SILVA 616;73;1066;70;AUGUSTO JORGE CURY;2,80E+11;346;262;247;6
47635;LAVRAS;160;ESCOLA ESTADUAL FIRMINO COSTA;RUA BARBOSA LIMA 361;89;1082;13;LUIZ INÁCIO LULA DA SILVA;2,80E+11;391;284;271;94
47635;LAVRAS;160;ESCOLA MUNICIPAL OSCAR BOTELHO;RUA JOAQUIM CARLOS ALVARENGA 268;177;1074;13;LUIZ INÁCIO LULA DA SILVA;2,80E+11;340;274;247;120
47635;LAVRAS;160;COLEGIO TIRADENTES;COMANDANTE NELIO S/N;223;1171;70;AUGUSTO JORGE CURY;2,80E+11;378;297;281;15
47635;LAVRAS;160;ESCOLA ESTADUAL FIRMINO COSTA;RUA BARBOSA LIMA 361;205;1082;55;RONALDO RAMOS CAIADO;2,80E+11;391;293;275;7
47635;LAVRAS;160;ESCOLA ESTADUAL CINIRA DE CARVALHO;RUA AUGUSTO VIEIRA SILVA 440;161;1147;21;EDMILSON SILVA COSTA;2,80E+11;398;284;266;1
47635;LAVRAS;160;CAMPUS CARLOTA KEMPER;PRACA DR, AUGUSTO SILVA 616;96;1066;55;RONALDO RAMOS CAIADO;2,80E+11;345;283;271;2
47635;LAVRAS;160;COLEGIO TIRADENTES;COMANDANTE NELIO S/N;199;1171;55;RONALDO RAMOS CAIADO;2,80E+11;379;309;295;9
47635;LAVRAS;160;ESCOLA MUNICIPAL PAULO MENICUCCI;RUA AGRIPINO AUGUSTO ANDRADE 425;110;1112;55;RONALDO RAMOS CAIADO;2,80E+11;286;195;171;3
47635;LAVRAS;160;COLEGIO NOSSA SENHORA DE LOURDES;PRAÇA MONSENHOR DOMINGOS PINHEIRO 162;196;1031;22;FLAVIO NANTES BOLSONARO;2,80E+11;310;247;233;136
47635;LAVRAS;160;ESCOLA ESTADUAL CRISTIANO DE SOUZA;AV, DUQUE DA ROCHA 501;241;1155;27;CLARIANA ZACARKIM BARAO;2,80E+11;384;301;276;1
47635;LAVRAS;160;ESCOLA ESTADUAL JOAO BATISTA HERMETO;RUA JAIR FERREIRA 285;42;1023;55;RONALDO RAMOS CAIADO;2,80E+11;387;282;260;5
47635;LAVRAS;160;ESCOLA MUNICIPAL PAULO MENICUCCI;RUA AGRIPINO AUGUSTO ANDRADE 425;115;1112;30;ROMEU ZEMA NETO;2,80E+11;269;197;175;1
47635;LAVRAS;160;CAMPUS CARLOTA KEMPER;PRACA DR, AUGUSTO SILVA 616;73;1066;55;RONALDO RAMOS CAIADO;2,80E+11;346;262;247;4
47635;LAVRAS;160;ESCOLA MUNICIPAL PAULO MENICUCCI;RUA AGRIPINO AUGUSTO ANDRADE 425;109;1112;55;RONALDO RAMOS CAIADO;2,80E+11;270;188;168;11
47635;LAVRAS;160;CAIC - ESCOLA MUNICIPAL ITALIA CAUTIERO FRANCO;RUA RAIMUNDA MARQUES GUIMARAES S/N;175;1163;13;LUIZ INÁCIO LULA DA SILVA;2,80E+11;371;306;281;103
47635;LAVRAS;160;ESCOLA ESTADUAL FIRMINO COSTA;RUA BARBOSA LIMA 361;87;1082;70;AUGUSTO JORGE CURY;2,80E+11;387;252;235;9
47635;LAVRAS;160;ESCOLA MUNICIPAL DOUTORA DAMINA;RUA PEDRO MOURA 269;34;1015;95;VOTO BRANCO;-1;339;243;231;5
47635;LAVRAS;160;INSTITUTO GAMMON;PÇA, DR, JORGE 370;121;1120;70;AUGUSTO JORGE CURY;2,80E+11;319;251;234;9
47635;LAVRAS;160;CAIC - ESCOLA MUNICIPAL ITALIA CAUTIERO FRANCO;RUA RAIMUNDA MARQUES GUIMARAES S/N;250;1163;55;RONALDO RAMOS CAIADO;2,80E+11;369;298;277;2
47635;LAVRAS;160;CAMPUS CARLOTA KEMPER;PRACA DR, AUGUSTO SILVA 616;91;1066;21;EDMILSON SILVA COSTA;2,80E+11;344;239;228;1
47635;LAVRAS;160;ESCOLA MUNICIPAL FRANCISCO SALES;RUA SANTOS PENONI S/N;97;1090;22;FLAVIO NANTES BOLSONARO;2,80E+11;401;286;263;125
47635;LAVRAS;160;E, M, PROFESSOR JOSE LUIZ DE MESQUITA;RUA CECILIA MEIRELES 101;252;1236;80;SAMARA MARTINS DA SILVA FEITOSA;2,80E+11;372;279;258;1
47635;LAVRAS;160;ESCOLA ESTADUAL JOAO BATISTA HERMETO;RUA JAIR FERREIRA 285;45;1023;14;RENAN ANTONIO FERREIRA DOS SANTOS;2,80E+11;390;292;263;9
47635;LAVRAS;160;ESCOLA ESTADUAL FIRMINO COSTA;RUA BARBOSA LIMA 361;192;1082;30;ROMEU ZEMA NETO;2,80E+11;389;297;280;1
47635;LAVRAS;160;ESCOLA MUNICIPAL FRANCISCO SALES;RUA SANTOS PENONI S/N;97;1090;30;ROMEU ZEMA NETO;2,80E+11;401;286;263;2
47635;LAVRAS;160;COLEGIO NOSSA SENHORA DE LOURDES;PRAÇA MONSENHOR DOMINGOS PINHEIRO 162;196;1031;96;VOTO NULO;-1;310;247;233;8
47635;LAVRAS;160;E, M, PROFESSOR ÉDIO DO NASCIMENTO BIRINDIBA;ESTAÇÃO FERROVIÁRIA DO ITIRAPUAN;285;1244;13;LUIZ INÁCIO LULA DA SILVA;2,80E+11;114;92;86;19
47635;LAVRAS;160;INSTITUTO GAMMON;PÇA, DR, JORGE 370;122;1120;95;VOTO BRANCO;-1;318;241;230;3
47635;LAVRAS;160;ESCOLA ESTADUAL TIRADENTES;RUA COMANDANTE NÉLIO, N, 07;281;1260;95;VOTO BRANCO;-1;392;286;273;8
47635;LAVRAS;160;ESCOLA MUNICIPAL PAULO MENICUCCI;RUA AGRIPINO AUGUSTO ANDRADE 425;116;1112;29;RUI COSTA PIMENTA;2,80E+11;273;198;181;1
47635;LAVRAS;160;ESCOLA MUNICIPAL DOUTORA DAMINA;RUA PEDRO MOURA 269;34;1015;22;FLAVIO NANTES BOLSONARO;2,80E+11;339;243;231;133
47635;LAVRAS;160;COLEGIO NOSSA SENHORA DE LOURDES;PRAÇA MONSENHOR DOMINGOS PINHEIRO 162;47;1031;22;FLAVIO NANTES BOLSONARO;2,80E+11;315;235;223;121
47635;LAVRAS;160;ESCOLA ESTADUAL JOAO BATISTA HERMETO;RUA JAIR FERREIRA 285;182;1023;22;FLAVIO NANTES BOLSONARO;2,80E+11;387;294;282;154
47635;LAVRAS;160;ESCOLA MUNICIPAL PAULO LOURENCO MENICUCCI;RUA LUIZ CARLOS DE SOUZA 33;276;1210;30;ROMEU ZEMA NETO;2,80E+11;381;304;277;2
47635;LAVRAS;160;ESCOLA MUNICIPAL OSCAR BOTELHO;RUA JOAQUIM CARLOS ALVARENGA 268;76;1074;30;ROMEU ZEMA NETO;2,80E+11;343;255;231;2
47635;LAVRAS;160;ESCOLA MUNICIPAL OSCAR BOTELHO;RUA JOAQUIM CARLOS ALVARENGA 268;76;1074;95;VOTO BRANCO;-1;343;255;231;14
47635;LAVRAS;160;ESCOLA ESTADUAL CINIRA DE CARVALHO;RUA AUGUSTO VIEIRA SILVA 440;230;1147;70;AUGUSTO JORGE CURY;2,80E+11;392;305;275;7
47635;LAVRAS;160;ESCOLA MUNICIPAL PAULO MENICUCCI;RUA AGRIPINO AUGUSTO ANDRADE 425;110;1112;30;ROMEU ZEMA NETO;2,80E+11;286;195;171;4
47635;LAVRAS;160;ESCOLA MUNICIPAL PAULO LOURENCO MENICUCCI;RUA LUIZ CARLOS DE SOUZA 33;257;1210;30;ROMEU ZEMA NETO;2,80E+11;383;302;277;9
47635;LAVRAS;160;ESCOLA ESTADUAL AZARIAS RIBEIRO;RUA  ORLANDINO PINTO RIBEIRO 254;62;1058;13;LUIZ INÁCIO LULA DA SILVA;2,80E+11;354;261;240;114
47635;LAVRAS;160;ESCOLA MUNICIPAL  ALVARO BOTELHO;PCA, DOUTOR JORGE 130;187;1040;14;RENAN ANTONIO FERREIRA DOS SANTOS;2,80E+11;331;244;228;6
47635;LAVRAS;160;CAIC - ESCOLA MUNICIPAL ITALIA CAUTIERO FRANCO;RUA RAIMUNDA MARQUES GUIMARAES S/N;202;1163;70;AUGUSTO JORGE CURY;2,80E+11;371;305;286;13
47635;LAVRAS;160;ESCOLA ESTADUAL JOAO BATISTA HERMETO;RUA JAIR FERREIRA 285;155;1023;13;LUIZ INÁCIO LULA DA SILVA;2,80E+11;391;309;280;90
47635;LAVRAS;160;CAIC - ESCOLA MUNICIPAL ITALIA CAUTIERO FRANCO;RUA RAIMUNDA MARQUES GUIMARAES S/N;175;1163;95;VOTO BRANCO;-1;371;306;281;11
47635;LAVRAS;160;ESCOLA MUNICIPAL  ALVARO BOTELHO;PCA, DOUTOR JORGE 130;59;1040;13;LUIZ INÁCIO LULA DA SILVA;2,80E+11;336;256;242;106
47635;LAVRAS;160;ESCOLA ESTADUAL CRISTIANO DE SOUZA;AV, DUQUE DA ROCHA 501;179;1155;13;LUIZ INÁCIO LULA DA SILVA;2,80E+11;387;311;275;129
47635;LAVRAS;160;E, M, PROFESSOR JOSE LUIZ DE MESQUITA;RUA CECILIA MEIRELES 101;252;1236;13;LUIZ INÁCIO LULA DA SILVA;2,80E+11;372;279;258;136
47635;LAVRAS;160;E, M, PROFESSOR JOSE LUIZ DE MESQUITA;RUA CECILIA MEIRELES 101;232;1236;70;AUGUSTO JORGE CURY;2,80E+11;368;284;259;8
47635;LAVRAS;160;CAMPUS CARLOTA KEMPER;PRACA DR, AUGUSTO SILVA 616;71;1066;30;ROMEU ZEMA NETO;2,80E+11;345;245;238;6
47635;LAVRAS;160;UNILAVRAS;RUA PADRE JOSE POGGEL 506;128;1139;13;LUIZ INÁCIO LULA DA SILVA;2,80E+11;358;279;262;95
47635;LAVRAS;160;ESCOLA MUNICIPAL PADRE DEHON;AV, ANTONIO VAZ MONTEIRO, 338;105;1104;14;RENAN ANTONIO FERREIRA DOS SANTOS;2,80E+11;383;293;275;9
47635;LAVRAS;160;ESCOLA ESTADUAL CINIRA DE CARVALHO;RUA AUGUSTO VIEIRA SILVA 440;258;1147;30;ROMEU ZEMA NETO;2,80E+11;393;278;256;2
47635;LAVRAS;160;CAMPUS CARLOTA KEMPER;PRACA DR, AUGUSTO SILVA 616;91;1066;95;VOTO BRANCO;-1;344;239;228;3
47635;LAVRAS;160;CAIC - ESCOLA MUNICIPAL ITALIA CAUTIERO FRANCO;RUA RAIMUNDA MARQUES GUIMARAES S/N;218;1163;22;FLAVIO NANTES BOLSONARO;2,80E+11;371;292;270;142
47635;LAVRAS;160;INSTITUTO GAMMON;PÇA, DR, JORGE 370;173;1120;30;ROMEU ZEMA NETO;2,80E+11;319;257;243;2
47635;LAVRAS;160;ESCOLA MUNICIPAL PAULO MENICUCCI;RUA AGRIPINO AUGUSTO ANDRADE 425;111;1112;55;RONALDO RAMOS CAIADO;2,80E+11;274;194;174;3
47635;LAVRAS;160;ESCOLA MUNICIPAL UMBELINA AZEVEDO AVELLAR;AVENIDA ANISIO HADDAD, 10;260;1228;55;RONALDO RAMOS CAIADO;2,80E+11;382;303;275;5
47635;LAVRAS;160;ESCOLA MUNICIPAL OSCAR BOTELHO;RUA JOAQUIM CARLOS ALVARENGA 268;78;1074;80;SAMARA MARTINS DA SILVA FEITOSA;2,80E+11;341;220;198;1
47635;LAVRAS;160;COLEGIO TIRADENTES;COMANDANTE NELIO S/N;68;1171;13;LUIZ INÁCIO LULA DA SILVA;2,80E+11;381;293;279;92
47635;LAVRAS;160;CAMPUS CARLOTA KEMPER;PRACA DR, AUGUSTO SILVA 616;253;1066;80;SAMARA MARTINS DA SILVA FEITOSA;2,80E+11;344;268;262;1
47635;LAVRAS;160;CAIC - ESCOLA MUNICIPAL ITALIA CAUTIERO FRANCO;RUA RAIMUNDA MARQUES GUIMARAES S/N;103;1163;96;VOTO NULO;-1;371;268;249;12
47635;LAVRAS;160;ESCOLA ESTADUAL AZARIAS RIBEIRO;RUA  ORLANDINO PINTO RIBEIRO 254;270;1058;13;LUIZ INÁCIO LULA DA SILVA;2,80E+11;353;273;254;118
47635;LAVRAS;160;E, M, PROFESSOR JOSE LUIZ DE MESQUITA;RUA CECILIA MEIRELES 101;283;1236;70;AUGUSTO JORGE CURY;2,80E+11;369;268;241;8
47635;LAVRAS;160;INSTITUTO GAMMON;PÇA, DR, JORGE 370;118;1120;95;VOTO BRANCO;-1;315;230;217;8
47635;LAVRAS;160;COLEGIO NOSSA SENHORA DE LOURDES;PRAÇA MONSENHOR DOMINGOS PINHEIRO 162;162;1031;96;VOTO NULO;-1;315;265;254;7
47635;LAVRAS;160;CAMPUS CARLOTA KEMPER;PRACA DR, AUGUSTO SILVA 616;160;1066;80;SAMARA MARTINS DA SILVA FEITOSA;2,80E+11;345;257;244;1
47635;LAVRAS;160;ESCOLA MUNICIPAL PAULO LOURENCO MENICUCCI;RUA LUIZ CARLOS DE SOUZA 33;235;1210;95;VOTO BRANCO;-1;380;299;262;17
47635;LAVRAS;160;COLEGIO NOSSA SENHORA DE LOURDES;PRAÇA MONSENHOR DOMINGOS PINHEIRO 162;48;1031;55;RONALDO RAMOS CAIADO;2,80E+11;317;234;228;5
47635;LAVRAS;160;E, M, PROFESSOR JOSE LUIZ DE MESQUITA;RUA CECILIA MEIRELES 101;206;1236;22;FLAVIO NANTES BOLSONARO;2,80E+11;372;279;247;114
47635;LAVRAS;160;ESCOLA ESTADUAL AZARIAS RIBEIRO;RUA  ORLANDINO PINTO RIBEIRO 254;67;1058;14;RENAN ANTONIO FERREIRA DOS SANTOS;2,80E+11;352;266;243;2
47635;LAVRAS;160;ESCOLA ESTADUAL JOAO BATISTA HERMETO;RUA JAIR FERREIRA 285;41;1023;30;ROMEU ZEMA NETO;2,80E+11;391;302;283;4
47635;LAVRAS;160;ESCOLA ESTADUAL TIRADENTES;RUA COMANDANTE NÉLIO, N, 07;277;1260;13;LUIZ INÁCIO LULA DA SILVA;2,80E+11;394;312;299;125
47635;LAVRAS;160;ESCOLA ESTADUAL CRISTIANO DE SOUZA;AV, DUQUE DA ROCHA 501;275;1155;13;LUIZ INÁCIO LULA DA SILVA;2,80E+11;394;322;298;136
47635;LAVRAS;160;CAMPUS CARLOTA KEMPER;PRACA DR, AUGUSTO SILVA 616;94;1066;13;LUIZ INÁCIO LULA DA SILVA;2,80E+11;342;246;239;85
47635;LAVRAS;160;INSTITUTO GAMMON;PÇA, DR, JORGE 370;120;1120;13;LUIZ INÁCIO LULA DA SILVA;2,80E+11;319;251;243;80
47635;LAVRAS;160;ESCOLA ESTADUAL CRISTIANO DE SOUZA;AV, DUQUE DA ROCHA 501;179;1155;14;RENAN ANTONIO FERREIRA DOS SANTOS;2,80E+11;387;311;275;8
47635;LAVRAS;160;ESCOLA MUNICIPAL PAULO MENICUCCI;RUA AGRIPINO AUGUSTO ANDRADE 425;217;1112;95;VOTO BRANCO;-1;283;226;199;13
47635;LAVRAS;160;COLEGIO TIRADENTES;COMANDANTE NELIO S/N;245;1171;13;LUIZ INÁCIO LULA DA SILVA;2,80E+11;377;278;260;70
47635;LAVRAS;160;ESCOLA ESTADUAL AZARIAS RIBEIRO;RUA  ORLANDINO PINTO RIBEIRO 254;222;1058;14;RENAN ANTONIO FERREIRA DOS SANTOS;2,80E+11;351;276;260;4
47635;LAVRAS;160;E, M, PROFESSOR JOSE LUIZ DE MESQUITA;RUA CECILIA MEIRELES 101;228;1236;70;AUGUSTO JORGE CURY;2,80E+11;373;276;262;5
47635;LAVRAS;160;ESCOLA MUNICIPAL  ALVARO BOTELHO;PCA, DOUTOR JORGE 130;54;1040;95;VOTO BRANCO;-1;332;213;197;4
47635;LAVRAS;160;ESCOLA MUNICIPAL DOUTORA DAMINA;RUA PEDRO MOURA 269;35;1015;14;RENAN ANTONIO FERREIRA DOS SANTOS;2,80E+11;330;245;228;5
47635;LAVRAS;160;CAMPUS CARLOTA KEMPER;PRACA DR, AUGUSTO SILVA 616;73;1066;13;LUIZ INÁCIO LULA DA SILVA;2,80E+11;346;262;247;80
47635;LAVRAS;160;ESCOLA ESTADUAL CINIRA DE CARVALHO;RUA AUGUSTO VIEIRA SILVA 440;178;1147;80;SAMARA MARTINS DA SILVA FEITOSA;2,80E+11;397;317;292;1
47635;LAVRAS;160;ESCOLA MUNICIPAL PADRE DEHON;AV, ANTONIO VAZ MONTEIRO, 338;262;1104;30;ROMEU ZEMA NETO;2,80E+11;379;299;285;6
47635;LAVRAS;160;ESCOLA ESTADUAL FIRMINO COSTA;RUA BARBOSA LIMA 361;80;1082;13;LUIZ INÁCIO LULA DA SILVA;2,80E+11;381;268;248;86
47635;LAVRAS;160;ESCOLA ESTADUAL CRISTIANO DE SOUZA;AV, DUQUE DA ROCHA 501;241;1155;14;RENAN ANTONIO FERREIRA DOS SANTOS;2,80E+11;384;301;276;4
47635;LAVRAS;160;ESCOLA MUNICIPAL FRANCISCO SALES;RUA SANTOS PENONI S/N;98;1090;96;VOTO NULO;-1;396;273;257;10
47635;LAVRAS;160;ESCOLA MUNICIPAL  ALVARO BOTELHO;PCA, DOUTOR JORGE 130;58;1040;70;AUGUSTO JORGE CURY;2,80E+11;335;242;226;7
47635;LAVRAS;160;ESCOLA MUNICIPAL UMBELINA AZEVEDO AVELLAR;AVENIDA ANISIO HADDAD, 10;233;1228;95;VOTO BRANCO;-1;374;284;260;12
47635;LAVRAS;160;ESCOLA ESTADUAL CRISTIANO DE SOUZA;AV, DUQUE DA ROCHA 501;280;1155;14;RENAN ANTONIO FERREIRA DOS SANTOS;2,80E+11;386;293;267;9
47635;LAVRAS;160;ESCOLA MUNICIPAL FRANCISCO SALES;RUA SANTOS PENONI S/N;99;1090;70;AUGUSTO JORGE CURY;2,80E+11;397;288;259;6
47635;LAVRAS;160;ESCOLA ESTADUAL JOAO BATISTA HERMETO;RUA JAIR FERREIRA 285;278;1023;70;AUGUSTO JORGE CURY;2,80E+11;389;293;274;13
47635;LAVRAS;160;ESCOLA ESTADUAL CINIRA DE CARVALHO;RUA AUGUSTO VIEIRA SILVA 440;166;1147;96;VOTO NULO;-1;394;311;283;12
47635;LAVRAS;160;UNILAVRAS;RUA PADRE JOSE POGGEL 506;176;1139;96;VOTO NULO;-1;355;281;274;4
47635;LAVRAS;160;ESCOLA MUNICIPAL UMBELINA AZEVEDO AVELLAR;AVENIDA ANISIO HADDAD, 10;279;1228;13;LUIZ INÁCIO LULA DA SILVA;2,80E+11;385;277;257;99
47635;LAVRAS;160;ESCOLA MUNICIPAL OSCAR BOTELHO;RUA JOAQUIM CARLOS ALVARENGA 268;263;1074;13;LUIZ INÁCIO LULA DA SILVA;2,80E+11;340;255;224;105
47635;LAVRAS;160;ESCOLA ESTADUAL AZARIAS RIBEIRO;RUA  ORLANDINO PINTO RIBEIRO 254;64;1058;13;LUIZ INÁCIO LULA DA SILVA;2,80E+11;355;256;223;101
47635;LAVRAS;160;CAIC - ESCOLA MUNICIPAL ITALIA CAUTIERO FRANCO;RUA RAIMUNDA MARQUES GUIMARAES S/N;175;1163;70;AUGUSTO JORGE CURY;2,80E+11;371;306;281;11
47635;LAVRAS;160;INSTITUTO GAMMON;PÇA, DR, JORGE 370;119;1120;70;AUGUSTO JORGE CURY;2,80E+11;322;239;229;10
47635;LAVRAS;160;INSTITUTO GAMMON;PÇA, DR, JORGE 370;157;1120;30;ROMEU ZEMA NETO;2,80E+11;318;251;238;2
47635;LAVRAS;160;ESCOLA ESTADUAL FIRMINO COSTA;RUA BARBOSA LIMA 361;81;1082;30;ROMEU ZEMA NETO;2,80E+11;391;266;254;1
47635;LAVRAS;160;ESCOLA ESTADUAL FIRMINO COSTA;RUA BARBOSA LIMA 361;237;1082;95;VOTO BRANCO;-1;386;297;278;5
47635;LAVRAS;160;ESCOLA ESTADUAL FIRMINO COSTA;RUA BARBOSA LIMA 361;87;1082;14;RENAN ANTONIO FERREIRA DOS SANTOS;2,80E+11;387;252;235;8
47635;LAVRAS;160;ESCOLA ESTADUAL FIRMINO COSTA;RUA BARBOSA LIMA 361;237;1082;70;AUGUSTO JORGE CURY;2,80E+11;386;297;278;10
47635;LAVRAS;160;ESCOLA MUNICIPAL DOUTORA DAMINA;RUA PEDRO MOURA 269;33;1015;55;RONALDO RAMOS CAIADO;2,80E+11;333;241;228;7
47635;LAVRAS;160;ESCOLA ESTADUAL AZARIAS RIBEIRO;RUA  ORLANDINO PINTO RIBEIRO 254;67;1058;80;SAMARA MARTINS DA SILVA FEITOSA;2,80E+11;352;266;243;1
47635;LAVRAS;160;INSTITUTO GAMMON;PÇA, DR, JORGE 370;118;1120;14;RENAN ANTONIO FERREIRA DOS SANTOS;2,80E+11;315;230;217;4
47635;LAVRAS;160;ESCOLA MUNICIPAL PAULO MENICUCCI;RUA AGRIPINO AUGUSTO ANDRADE 425;116;1112;55;RONALDO RAMOS CAIADO;2,80E+11;273;198;181;2
47635;LAVRAS;160;E, M, PROFESSOR JOSE LUIZ DE MESQUITA;RUA CECILIA MEIRELES 101;232;1236;30;ROMEU ZEMA NETO;2,80E+11;368;284;259;1
47635;LAVRAS;160;ESCOLA ESTADUAL JOAO BATISTA HERMETO;RUA JAIR FERREIRA 285;278;1023;13;LUIZ INÁCIO LULA DA SILVA;2,80E+11;389;293;274;118
47635;LAVRAS;160;COLEGIO NOSSA SENHORA DE LOURDES;PRAÇA MONSENHOR DOMINGOS PINHEIRO 162;47;1031;55;RONALDO RAMOS CAIADO;2,80E+11;315;235;223;2
47635;LAVRAS;160;ESCOLA MUNICIPAL DOUTORA DAMINA;RUA PEDRO MOURA 269;185;1015;55;RONALDO RAMOS CAIADO;2,80E+11;334;258;247;7
47635;LAVRAS;160;ESCOLA ESTADUAL CINIRA DE CARVALHO;RUA AUGUSTO VIEIRA SILVA 440;272;1147;55;RONALDO RAMOS CAIADO;2,80E+11;394;296;269;3
47635;LAVRAS;160;INSTITUTO GAMMON;PÇA, DR, JORGE 370;190;1120;27;CLARIANA ZACARKIM BARAO;2,80E+11;319;261;243;1
47635;LAVRAS;160;ESCOLA ESTADUAL JOAO BATISTA HERMETO;RUA JAIR FERREIRA 285;155;1023;96;VOTO NULO;-1;391;309;280;11
47635;LAVRAS;160;ESCOLA ESTADUAL FIRMINO COSTA;RUA BARBOSA LIMA 361;83;1082;96;VOTO NULO;-1;390;265;248;8
47635;LAVRAS;160;ESCOLA MUNICIPAL DOUTORA DAMINA;RUA PEDRO MOURA 269;30;1015;96;VOTO NULO;-1;337;246;230;9
47635;LAVRAS;160;CAMPUS CARLOTA KEMPER;PRACA DR, AUGUSTO SILVA 616;160;1066;55;RONALDO RAMOS CAIADO;2,80E+11;345;257;244;5
47635;LAVRAS;160;ESCOLA MUNICIPAL DOUTORA DAMINA;RUA PEDRO MOURA 269;32;1015;27;CLARIANA ZACARKIM BARAO;2,80E+11;333;254;245;1
47635;LAVRAS;160;ESCOLA MUNICIPAL PAULO MENICUCCI;RUA AGRIPINO AUGUSTO ANDRADE 425;110;1112;96;VOTO NULO;-1;286;195;171;15
47635;LAVRAS;160;CAIC - ESCOLA MUNICIPAL ITALIA CAUTIERO FRANCO;RUA RAIMUNDA MARQUES GUIMARAES S/N;180;1163;13;LUIZ INÁCIO LULA DA SILVA;2,80E+11;367;307;278;110
47635;LAVRAS;160;ESCOLA ESTADUAL CINIRA DE CARVALHO;RUA AUGUSTO VIEIRA SILVA 440;220;1147;96;VOTO NULO;-1;395;306;276;20
47635;LAVRAS;160;ESCOLA MUNICIPAL PAULO LOURENCO MENICUCCI;RUA LUIZ CARLOS DE SOUZA 33;257;1210;80;SAMARA MARTINS DA SILVA FEITOSA;2,80E+11;383;302;277;2
47635;LAVRAS;160;ESCOLA MUNICIPAL PAULO MENICUCCI;RUA AGRIPINO AUGUSTO ANDRADE 425;112;1112;14;RENAN ANTONIO FERREIRA DOS SANTOS;2,80E+11;272;190;170;3
47635;LAVRAS;160;COLEGIO NOSSA SENHORA DE LOURDES;PRAÇA MONSENHOR DOMINGOS PINHEIRO 162;50;1031;13;LUIZ INÁCIO LULA DA SILVA;2,80E+11;311;226;213;69
47635;LAVRAS;160;E, M, PROFESSOR ÉDIO DO NASCIMENTO BIRINDIBA;ESTAÇÃO FERROVIÁRIA DO ITIRAPUAN;285;1244;30;ROMEU ZEMA NETO;2,80E+11;114;92;86;1
47635;LAVRAS;160;CAIC - ESCOLA MUNICIPAL ITALIA CAUTIERO FRANCO;RUA RAIMUNDA MARQUES GUIMARAES S/N;102;1163;27;CLARIANA ZACARKIM BARAO;2,80E+11;376;275;259;1
47635;LAVRAS;160;ESCOLA MUNICIPAL PADRE DEHON;AV, ANTONIO VAZ MONTEIRO, 338;107;1104;96;VOTO NULO;-1;379;296;274;13
47635;LAVRAS;160;INSTITUTO GAMMON;PÇA, DR, JORGE 370;121;1120;96;VOTO NULO;-1;319;251;234;9
47635;LAVRAS;160;ESCOLA MUNICIPAL OSCAR BOTELHO;RUA JOAQUIM CARLOS ALVARENGA 268;74;1074;96;VOTO NULO;-1;341;245;207;18
47635;LAVRAS;160;ESCOLA ESTADUAL JOAO BATISTA HERMETO;RUA JAIR FERREIRA 285;37;1023;14;RENAN ANTONIO FERREIRA DOS SANTOS;2,80E+11;388;280;266;6
47635;LAVRAS;160;ESCOLA MUNICIPAL UMBELINA AZEVEDO AVELLAR;AVENIDA ANISIO HADDAD, 10;260;1228;13;LUIZ INÁCIO LULA DA SILVA;2,80E+11;382;303;275;114
47635;LAVRAS;160;ESCOLA MUNICIPAL FRANCISCO SALES;RUA SANTOS PENONI S/N;101;1090;14;RENAN ANTONIO FERREIRA DOS SANTOS;2,80E+11;396;295;269;6
47635;LAVRAS;160;ESCOLA ESTADUAL FIRMINO COSTA;RUA BARBOSA LIMA 361;90;1082;13;LUIZ INÁCIO LULA DA SILVA;2,80E+11;388;283;269;102
47635;LAVRAS;160;CAIC - ESCOLA MUNICIPAL ITALIA CAUTIERO FRANCO;RUA RAIMUNDA MARQUES GUIMARAES S/N;175;1163;96;VOTO NULO;-1;371;306;281;14
47635;LAVRAS;160;COLEGIO TIRADENTES;COMANDANTE NELIO S/N;239;1171;30;ROMEU ZEMA NETO;2,80E+11;387;286;270;5
47635;LAVRAS;160;COLEGIO TIRADENTES;COMANDANTE NELIO S/N;215;1171;96;VOTO NULO;-1;380;302;289;8
47635;LAVRAS;160;UNILAVRAS;RUA PADRE JOSE POGGEL 506;128;1139;22;FLAVIO NANTES BOLSONARO;2,80E+11;358;279;262;142
47635;LAVRAS;160;ESCOLA ESTADUAL JOAO BATISTA HERMETO;RUA JAIR FERREIRA 285;271;1023;22;FLAVIO NANTES BOLSONARO;2,80E+11;383;281;262;133
47635;LAVRAS;160;ESCOLA ESTADUAL JOAO BATISTA HERMETO;RUA JAIR FERREIRA 285;39;1023;22;FLAVIO NANTES BOLSONARO;2,80E+11;393;300;276;149
47635;LAVRAS;160;INSTITUTO GAMMON;PÇA, DR, JORGE 370;190;1120;22;FLAVIO NANTES BOLSONARO;2,80E+11;319;261;243;125
47635;LAVRAS;160;E, M, PROFESSOR ÉDIO DO NASCIMENTO BIRINDIBA;ESTAÇÃO FERROVIÁRIA DO ITIRAPUAN;285;1244;22;FLAVIO NANTES BOLSONARO;2,80E+11;114;92;86;55
47635;LAVRAS;160;CAMPUS CARLOTA KEMPER;PRACA DR, AUGUSTO SILVA 616;95;1066;22;FLAVIO NANTES BOLSONARO;2,80E+11;343;251;238;110
47635;LAVRAS;160;ESCOLA ESTADUAL CINIRA DE CARVALHO;RUA AUGUSTO VIEIRA SILVA 440;220;1147;95;VOTO BRANCO;-1;395;306;276;10
47635;LAVRAS;160;COLEGIO NOSSA SENHORA DE LOURDES;PRAÇA MONSENHOR DOMINGOS PINHEIRO 162;50;1031;70;AUGUSTO JORGE CURY;2,80E+11;311;226;213;6
47635;LAVRAS;160;ESCOLA ESTADUAL JOAO BATISTA HERMETO;RUA JAIR FERREIRA 285;155;1023;70;AUGUSTO JORGE CURY;2,80E+11;391;309;280;12
47635;LAVRAS;160;ESCOLA ESTADUAL FIRMINO COSTA;RUA BARBOSA LIMA 361;83;1082;14;RENAN ANTONIO FERREIRA DOS SANTOS;2,80E+11;390;265;248;7
47635;LAVRAS;160;INSTITUTO GAMMON;PÇA, DR, JORGE 370;122;1120;70;AUGUSTO JORGE CURY;2,80E+11;318;241;230;9
47635;LAVRAS;160;CAIC - ESCOLA MUNICIPAL ITALIA CAUTIERO FRANCO;RUA RAIMUNDA MARQUES GUIMARAES S/N;103;1163;70;AUGUSTO JORGE CURY;2,80E+11;371;268;249;8
47635;LAVRAS;160;ESCOLA ESTADUAL JOAO BATISTA HERMETO;RUA JAIR FERREIRA 285;41;1023;95;VOTO BRANCO;-1;391;302;283;9
47635;LAVRAS;160;CAMPUS CARLOTA KEMPER;PRACA DR, AUGUSTO SILVA 616;160;1066;95;VOTO BRANCO;-1;345;257;244;3
47635;LAVRAS;160;CAMPUS CARLOTA KEMPER;PRACA DR, AUGUSTO SILVA 616;183;1066;95;VOTO BRANCO;-1;345;263;247;7
47635;LAVRAS;160;CAMPUS CARLOTA KEMPER;PRACA DR, AUGUSTO SILVA 616;71;1066;16;HERTZ DA CONCEICAO DIAS;2,80E+11;345;245;238;1
47635;LAVRAS;160;CAMPUS CARLOTA KEMPER;PRACA DR, AUGUSTO SILVA 616;72;1066;13;LUIZ INÁCIO LULA DA SILVA;2,80E+11;345;244;232;73
47635;LAVRAS;160;ESCOLA ESTADUAL AZARIAS RIBEIRO;RUA  ORLANDINO PINTO RIBEIRO 254;61;1058;55;RONALDO RAMOS CAIADO;2,80E+11;354;245;229;2
47635;LAVRAS;160;ESCOLA ESTADUAL CINIRA DE CARVALHO;RUA AUGUSTO VIEIRA SILVA 440;264;1147;30;ROMEU ZEMA NETO;2,80E+11;389;308;287;7
47635;LAVRAS;160;ESCOLA MUNICIPAL FRANCISCO SALES;RUA SANTOS PENONI S/N;100;1090;30;ROMEU ZEMA NETO;2,80E+11;399;284;264;1
47635;LAVRAS;160;INSTITUTO GAMMON;PÇA, DR, JORGE 370;119;1120;13;LUIZ INÁCIO LULA DA SILVA;2,80E+11;322;239;229;89
47635;LAVRAS;160;ESCOLA MUNICIPAL  ALVARO BOTELHO;PCA, DOUTOR JORGE 130;56;1040;13;LUIZ INÁCIO LULA DA SILVA;2,80E+11;332;258;242;117
47635;LAVRAS;160;ESCOLA MUNICIPAL DOUTORA DAMINA;RUA PEDRO MOURA 269;32;1015;14;RENAN ANTONIO FERREIRA DOS SANTOS;2,80E+11;333;254;245;5
47635;LAVRAS;160;ESCOLA MUNICIPAL PADRE DEHON;AV, ANTONIO VAZ MONTEIRO, 338;107;1104;14;RENAN ANTONIO FERREIRA DOS SANTOS;2,80E+11;379;296;274;6
47635;LAVRAS;160;ESCOLA ESTADUAL FIRMINO COSTA;RUA BARBOSA LIMA 361;88;1082;14;RENAN ANTONIO FERREIRA DOS SANTOS;2,80E+11;389;289;274;7
47635;LAVRAS;160;ESCOLA MUNICIPAL JOSE SERAFIM;RUA HELIO LUCIO DO CARMO 10;214;1201;35;WILSON GRASSI JUNIOR;2,80E+11;303;236;198;1
47635;LAVRAS;160;COLEGIO TIRADENTES;COMANDANTE NELIO S/N;199;1171;27;CLARIANA ZACARKIM BARAO;2,80E+11;379;309;295;1
47635;LAVRAS;160;ESCOLA ESTADUAL JOAO BATISTA HERMETO;RUA JAIR FERREIRA 285;45;1023;96;VOTO NULO;-1;390;292;263;17
47635;LAVRAS;160;ESCOLA MUNICIPAL FRANCISCO SALES;RUA SANTOS PENONI S/N;101;1090;96;VOTO NULO;-1;396;295;269;16
47635;LAVRAS;160;INSTITUTO GAMMON;PÇA, DR, JORGE 370;126;1120;96;VOTO NULO;-1;315;251;242;5
47635;LAVRAS;160;ESCOLA MUNICIPAL OSCAR BOTELHO;RUA JOAQUIM CARLOS ALVARENGA 268;188;1074;96;VOTO NULO;-1;344;271;244;12
47635;LAVRAS;160;ESCOLA MUNICIPAL PAULO LOURENCO MENICUCCI;RUA LUIZ CARLOS DE SOUZA 33;212;1210;30;ROMEU ZEMA NETO;2,80E+11;378;294;264;3
47635;LAVRAS;160;ESCOLA MUNICIPAL PAULO LOURENCO MENICUCCI;RUA LUIZ CARLOS DE SOUZA 33;212;1210;96;VOTO NULO;-1;378;294;264;16
47635;LAVRAS;160;COLEGIO TIRADENTES;COMANDANTE NELIO S/N;231;1171;30;ROMEU ZEMA NETO;2,80E+11;374;294;275;2
47635;LAVRAS;160;COLEGIO TIRADENTES;COMANDANTE NELIO S/N;152;1171;70;AUGUSTO JORGE CURY;2,80E+11;382;309;295;9
47635;LAVRAS;160;ESCOLA ESTADUAL CRISTIANO DE SOUZA;AV, DUQUE DA ROCHA 501;280;1155;70;AUGUSTO JORGE CURY;2,80E+11;386;293;267;11
47635;LAVRAS;160;ESCOLA ESTADUAL CRISTIANO DE SOUZA;AV, DUQUE DA ROCHA 501;213;1155;14;RENAN ANTONIO FERREIRA DOS SANTOS;2,80E+11;381;298;277;8
47635;LAVRAS;160;ESCOLA ESTADUAL FIRMINO COSTA;RUA BARBOSA LIMA 361;82;1082;22;FLAVIO NANTES BOLSONARO;2,80E+11;392;278;262;134
47635;LAVRAS;160;ESCOLA ESTADUAL JOAO BATISTA HERMETO;RUA JAIR FERREIRA 285;44;1023;22;FLAVIO NANTES BOLSONARO;2,80E+11;389;286;262;140
47635;LAVRAS;160;ESCOLA ESTADUAL JOAO BATISTA HERMETO;RUA JAIR FERREIRA 285;168;1023;22;FLAVIO NANTES BOLSONARO;2,80E+11;386;309;286;157
47635;LAVRAS;160;COLEGIO TIRADENTES;COMANDANTE NELIO S/N;189;1171;16;HERTZ DA CONCEICAO DIAS;2,80E+11;379;287;278;1
47635;LAVRAS;160;COLEGIO TIRADENTES;COMANDANTE NELIO S/N;199;1171;30;ROMEU ZEMA NETO;2,80E+11;379;309;295;2
47635;LAVRAS;160;ESCOLA MUNICIPAL PAULO MENICUCCI;RUA AGRIPINO AUGUSTO ANDRADE 425;113;1112;22;FLAVIO NANTES BOLSONARO;2,80E+11;287;212;195;74
47635;LAVRAS;160;ESCOLA ESTADUAL FIRMINO COSTA;RUA BARBOSA LIMA 361;82;1082;27;CLARIANA ZACARKIM BARAO;2,80E+11;392;278;262;1
47635;LAVRAS;160;COLEGIO TIRADENTES;COMANDANTE NELIO S/N;239;1171;96;VOTO NULO;-1;387;286;270;11
47635;LAVRAS;160;CAIC - ESCOLA MUNICIPAL ITALIA CAUTIERO FRANCO;RUA RAIMUNDA MARQUES GUIMARAES S/N;103;1163;55;RONALDO RAMOS CAIADO;2,80E+11;371;268;249;2
47635;LAVRAS;160;CAMPUS CARLOTA KEMPER;PRACA DR, AUGUSTO SILVA 616;183;1066;96;VOTO NULO;-1;345;263;247;9
47635;LAVRAS;160;E, M, PROFESSOR JOSE LUIZ DE MESQUITA;RUA CECILIA MEIRELES 101;228;1236;30;ROMEU ZEMA NETO;2,80E+11;373;276;262;2
47635;LAVRAS;160;ESCOLA MUNICIPAL PAULO MENICUCCI;RUA AGRIPINO AUGUSTO ANDRADE 425;113;1112;13;LUIZ INÁCIO LULA DA SILVA;2,80E+11;287;212;195;102
47635;LAVRAS;160;ESCOLA MUNICIPAL UMBELINA AZEVEDO AVELLAR;AVENIDA ANISIO HADDAD, 10;279;1228;30;ROMEU ZEMA NETO;2,80E+11;385;277;257;1
47635;LAVRAS;160;INSTITUTO GAMMON;PÇA, DR, JORGE 370;120;1120;96;VOTO NULO;-1;319;251;243;6
47635;LAVRAS;160;CAIC - ESCOLA MUNICIPAL ITALIA CAUTIERO FRANCO;RUA RAIMUNDA MARQUES GUIMARAES S/N;218;1163;14;RENAN ANTONIO FERREIRA DOS SANTOS;2,80E+11;371;292;270;10
47635;LAVRAS;160;ESCOLA ESTADUAL AZARIAS RIBEIRO;RUA  ORLANDINO PINTO RIBEIRO 254;61;1058;21;EDMILSON SILVA COSTA;2,80E+11;354;245;229;1
47635;LAVRAS;160;ESCOLA ESTADUAL FIRMINO COSTA;RUA BARBOSA LIMA 361;216;1082;22;FLAVIO NANTES BOLSONARO;2,80E+11;385;286;277;153
47635;LAVRAS;160;ESCOLA MUNICIPAL OSCAR BOTELHO;RUA JOAQUIM CARLOS ALVARENGA 268;76;1074;22;FLAVIO NANTES BOLSONARO;2,80E+11;343;255;231;85
47635;LAVRAS;160;ESCOLA ESTADUAL JOAO BATISTA HERMETO;RUA JAIR FERREIRA 285;40;1023;22;FLAVIO NANTES BOLSONARO;2,80E+11;389;299;279;147
47635;LAVRAS;160;CAIC - ESCOLA MUNICIPAL ITALIA CAUTIERO FRANCO;RUA RAIMUNDA MARQUES GUIMARAES S/N;175;1163;22;FLAVIO NANTES BOLSONARO;2,80E+11;371;306;281;151
47635;LAVRAS;160;COLEGIO TIRADENTES;COMANDANTE NELIO S/N;158;1171;22;FLAVIO NANTES BOLSONARO;2,80E+11;384;310;295;156
47635;LAVRAS;160;ESCOLA ESTADUAL AZARIAS RIBEIRO;RUA  ORLANDINO PINTO RIBEIRO 254;64;1058;95;VOTO BRANCO;-1;355;256;223;13
47635;LAVRAS;160;CAMPUS CARLOTA KEMPER;PRACA DR, AUGUSTO SILVA 616;93;1066;70;AUGUSTO JORGE CURY;2,80E+11;346;243;233;10
47635;LAVRAS;160;ESCOLA MUNICIPAL PADRE DEHON;AV, ANTONIO VAZ MONTEIRO, 338;262;1104;70;AUGUSTO JORGE CURY;2,80E+11;379;299;285;16
47635;LAVRAS;160;CAIC - ESCOLA MUNICIPAL ITALIA CAUTIERO FRANCO;RUA RAIMUNDA MARQUES GUIMARAES S/N;268;1163;14;RENAN ANTONIO FERREIRA DOS SANTOS;2,80E+11;374;291;274;12
47635;LAVRAS;160;ESCOLA MUNICIPAL PAULO MENICUCCI;RUA AGRIPINO AUGUSTO ANDRADE 425;171;1112;13;LUIZ INÁCIO LULA DA SILVA;2,80E+11;284;233;206;99
47635;LAVRAS;160;ESCOLA ESTADUAL JOAO BATISTA HERMETO;RUA JAIR FERREIRA 285;45;1023;13;LUIZ INÁCIO LULA DA SILVA;2,80E+11;390;292;263;106
47635;LAVRAS;160;E, M, PROFESSOR JOSE LUIZ DE MESQUITA;RUA CECILIA MEIRELES 101;252;1236;14;RENAN ANTONIO FERREIRA DOS SANTOS;2,80E+11;372;279;258;6
47635;LAVRAS;160;ESCOLA ESTADUAL AZARIAS RIBEIRO;RUA  ORLANDINO PINTO RIBEIRO 254;63;1058;70;AUGUSTO JORGE CURY;2,80E+11;350;252;239;10
47635;LAVRAS;160;ESCOLA ESTADUAL JOAO BATISTA HERMETO;RUA JAIR FERREIRA 285;38;1023;70;AUGUSTO JORGE CURY;2,80E+11;389;291;273;9
47635;LAVRAS;160;ESCOLA ESTADUAL AZARIAS RIBEIRO;RUA  ORLANDINO PINTO RIBEIRO 254;270;1058;70;AUGUSTO JORGE CURY;2,80E+11;353;273;254;14
47635;LAVRAS;160;CAMPUS CARLOTA KEMPER;PRACA DR, AUGUSTO SILVA 616;95;1066;95;VOTO BRANCO;-1;343;251;238;5
47635;LAVRAS;160;ESCOLA MUNICIPAL UMBELINA AZEVEDO AVELLAR;AVENIDA ANISIO HADDAD, 10;279;1228;95;VOTO BRANCO;-1;385;277;257;7
47635;LAVRAS;160;ESCOLA MUNICIPAL JOSE SERAFIM;RUA HELIO LUCIO DO CARMO 10;273;1201;95;VOTO BRANCO;-1;306;224;188;15
47635;LAVRAS;160;CAMPUS CARLOTA KEMPER;PRACA DR, AUGUSTO SILVA 616;72;1066;70;AUGUSTO JORGE CURY;2,80E+11;345;244;232;10
47635;LAVRAS;160;ESCOLA MUNICIPAL OSCAR BOTELHO;RUA JOAQUIM CARLOS ALVARENGA 268;164;1074;14;RENAN ANTONIO FERREIRA DOS SANTOS;2,80E+11;343;271;251;5
47635;LAVRAS;160;COLEGIO NOSSA SENHORA DE LOURDES;PRAÇA MONSENHOR DOMINGOS PINHEIRO 162;51;1031;13;LUIZ INÁCIO LULA DA SILVA;2,80E+11;316;240;231;94
47635;LAVRAS;160;ESCOLA ESTADUAL AZARIAS RIBEIRO;RUA  ORLANDINO PINTO RIBEIRO 254;63;1058;13;LUIZ INÁCIO LULA DA SILVA;2,80E+11;350;252;239;103
47635;LAVRAS;160;ESCOLA MUNICIPAL PAULO LOURENCO MENICUCCI;RUA LUIZ CARLOS DE SOUZA 33;276;1210;70;AUGUSTO JORGE CURY;2,80E+11;381;304;277;12
47635;LAVRAS;160;ESCOLA ESTADUAL AZARIAS RIBEIRO;RUA  ORLANDINO PINTO RIBEIRO 254;62;1058;70;AUGUSTO JORGE CURY;2,80E+11;354;261;240;10
47635;LAVRAS;160;ESCOLA ESTADUAL FIRMINO COSTA;RUA BARBOSA LIMA 361;83;1082;55;RONALDO RAMOS CAIADO;2,80E+11;390;265;248;8
47635;LAVRAS;160;ESCOLA MUNICIPAL OSCAR BOTELHO;RUA JOAQUIM CARLOS ALVARENGA 268;177;1074;14;RENAN ANTONIO FERREIRA DOS SANTOS;2,80E+11;340;274;247;3
47635;LAVRAS;160;ESCOLA ESTADUAL AZARIAS RIBEIRO;RUA  ORLANDINO PINTO RIBEIRO 254;65;1058;22;FLAVIO NANTES BOLSONARO;2,80E+11;349;268;250;110
47635;LAVRAS;160;INSTITUTO GAMMON;PÇA, DR, JORGE 370;118;1120;22;FLAVIO NANTES BOLSONARO;2,80E+11;315;230;217;101
47635;LAVRAS;160;COLEGIO NOSSA SENHORA DE LOURDES;PRAÇA MONSENHOR DOMINGOS PINHEIRO 162;47;1031;14;RENAN ANTONIO FERREIRA DOS SANTOS;2,80E+11;315;235;223;4
47635;LAVRAS;160;ESCOLA ESTADUAL CINIRA DE CARVALHO;RUA AUGUSTO VIEIRA SILVA 440;161;1147;22;FLAVIO NANTES BOLSONARO;2,80E+11;398;284;266;134
47635;LAVRAS;160;ESCOLA MUNICIPAL UMBELINA AZEVEDO AVELLAR;AVENIDA ANISIO HADDAD, 10;233;1228;22;FLAVIO NANTES BOLSONARO;2,80E+11;374;284;260;123
47635;LAVRAS;160;ESCOLA ESTADUAL CINIRA DE CARVALHO;RUA AUGUSTO VIEIRA SILVA 440;272;1147;22;FLAVIO NANTES BOLSONARO;2,80E+11;394;296;269;131
47635;LAVRAS;160;ESCOLA ESTADUAL CRISTIANO DE SOUZA;AV, DUQUE DA ROCHA 501;225;1155;22;FLAVIO NANTES BOLSONARO;2,80E+11;390;295;274;118
47635;LAVRAS;160;INSTITUTO GAMMON;PÇA, DR, JORGE 370;122;1120;55;RONALDO RAMOS CAIADO;2,80E+11;318;241;230;7
47635;LAVRAS;160;UNILAVRAS;RUA PADRE JOSE POGGEL 506;129;1139;96;VOTO NULO;-1;358;277;265;10
47635;LAVRAS;160;COLEGIO TIRADENTES;COMANDANTE NELIO S/N;199;1171;70;AUGUSTO JORGE CURY;2,80E+11;379;309;295;13
47635;LAVRAS;160;COLEGIO TIRADENTES;COMANDANTE NELIO S/N;245;1171;35;WILSON GRASSI JUNIOR;2,80E+11;377;278;260;1
47635;LAVRAS;160;COLEGIO NOSSA SENHORA DE LOURDES;PRAÇA MONSENHOR DOMINGOS PINHEIRO 162;151;1031;22;FLAVIO NANTES BOLSONARO;2,80E+11;317;249;233;131
47635;LAVRAS;160;ESCOLA MUNICIPAL UMBELINA AZEVEDO AVELLAR;AVENIDA ANISIO HADDAD, 10;243;1228;22;FLAVIO NANTES BOLSONARO;2,80E+11;367;284;263;133
47635;LAVRAS;160;ESCOLA MUNICIPAL PAULO MENICUCCI;RUA AGRIPINO AUGUSTO ANDRADE 425;114;1112;22;FLAVIO NANTES BOLSONARO;2,80E+11;271;203;183;85
47635;LAVRAS;160;ESCOLA MUNICIPAL PADRE DEHON;AV, ANTONIO VAZ MONTEIRO, 338;105;1104;70;AUGUSTO JORGE CURY;2,80E+11;383;293;275;8
47635;LAVRAS;160;COLEGIO NOSSA SENHORA DE LOURDES;PRAÇA MONSENHOR DOMINGOS PINHEIRO 162;47;1031;30;ROMEU ZEMA NETO;2,80E+11;315;235;223;5
47635;LAVRAS;160;ESCOLA ESTADUAL JOAO BATISTA HERMETO;RUA JAIR FERREIRA 285;182;1023;30;ROMEU ZEMA NETO;2,80E+11;387;294;282;3
47635;LAVRAS;160;ESCOLA ESTADUAL TIRADENTES;RUA COMANDANTE NÉLIO, N, 07;284;1260;95;VOTO BRANCO;-1;389;317;301;10
47635;LAVRAS;160;ESCOLA ESTADUAL CRISTIANO DE SOUZA;AV, DUQUE DA ROCHA 501;261;1155;70;AUGUSTO JORGE CURY;2,80E+11;389;303;281;8
47635;LAVRAS;160;ESCOLA ESTADUAL FIRMINO COSTA;RUA BARBOSA LIMA 361;88;1082;70;AUGUSTO JORGE CURY;2,80E+11;389;289;274;12
47635;LAVRAS;160;ESCOLA ESTADUAL FIRMINO COSTA;RUA BARBOSA LIMA 361;87;1082;55;RONALDO RAMOS CAIADO;2,80E+11;387;252;235;5
47635;LAVRAS;160;COLEGIO NOSSA SENHORA DE LOURDES;PRAÇA MONSENHOR DOMINGOS PINHEIRO 162;151;1031;55;RONALDO RAMOS CAIADO;2,80E+11;317;249;233;7
47635;LAVRAS;160;E, M, PROFESSOR ÉDIO DO NASCIMENTO BIRINDIBA;ESTAÇÃO FERROVIÁRIA DO ITIRAPUAN;238;1244;70;AUGUSTO JORGE CURY;2,80E+11;319;192;181;14
47635;LAVRAS;160;INSTITUTO GAMMON;PÇA, DR, JORGE 370;190;1120;21;EDMILSON SILVA COSTA;2,80E+11;319;261;243;1
47635;LAVRAS;160;ESCOLA ESTADUAL AZARIAS RIBEIRO;RUA  ORLANDINO PINTO RIBEIRO 254;63;1058;95;VOTO BRANCO;-1;350;252;239;7
47635;LAVRAS;160;ESCOLA ESTADUAL JOAO BATISTA HERMETO;RUA JAIR FERREIRA 285;43;1023;95;VOTO BRANCO;-1;388;282;262;6
47635;LAVRAS;160;ESCOLA MUNICIPAL FRANCISCO SALES;RUA SANTOS PENONI S/N;101;1090;22;FLAVIO NANTES BOLSONARO;2,80E+11;396;295;269;135
47635;LAVRAS;160;ESCOLA MUNICIPAL OSCAR BOTELHO;RUA JOAQUIM CARLOS ALVARENGA 268;75;1074;96;VOTO NULO;-1;343;241;214;8
47635;LAVRAS;160;ESCOLA ESTADUAL CRISTIANO DE SOUZA;AV, DUQUE DA ROCHA 501;241;1155;95;VOTO BRANCO;-1;384;301;276;16
47635;LAVRAS;160;CAMPUS CARLOTA KEMPER;PRACA DR, AUGUSTO SILVA 616;183;1066;55;RONALDO RAMOS CAIADO;2,80E+11;345;263;247;3
47635;LAVRAS;160;ESCOLA ESTADUAL JOAO BATISTA HERMETO;RUA JAIR FERREIRA 285;41;1023;55;RONALDO RAMOS CAIADO;2,80E+11;391;302;283;6
47635;LAVRAS;160;ESCOLA ESTADUAL CRISTIANO DE SOUZA;AV, DUQUE DA ROCHA 501;204;1155;55;RONALDO RAMOS CAIADO;2,80E+11;393;308;280;6
47635;LAVRAS;160;CAIC - ESCOLA MUNICIPAL ITALIA CAUTIERO FRANCO;RUA RAIMUNDA MARQUES GUIMARAES S/N;250;1163;70;AUGUSTO JORGE CURY;2,80E+11;369;298;277;14
47635;LAVRAS;160;ESCOLA MUNICIPAL PAULO MENICUCCI;RUA AGRIPINO AUGUSTO ANDRADE 425;171;1112;55;RONALDO RAMOS CAIADO;2,80E+11;284;233;206;7
47635;LAVRAS;160;ESCOLA ESTADUAL CINIRA DE CARVALHO;RUA AUGUSTO VIEIRA SILVA 440;191;1147;70;AUGUSTO JORGE CURY;2,80E+11;395;305;279;12
47635;LAVRAS;160;ESCOLA ESTADUAL JOAO BATISTA HERMETO;RUA JAIR FERREIRA 285;278;1023;22;FLAVIO NANTES BOLSONARO;2,80E+11;389;293;274;121
47635;LAVRAS;160;UNILAVRAS;RUA PADRE JOSE POGGEL 506;129;1139;55;RONALDO RAMOS CAIADO;2,80E+11;358;277;265;8
47635;LAVRAS;160;COLEGIO TIRADENTES;COMANDANTE NELIO S/N;239;1171;13;LUIZ INÁCIO LULA DA SILVA;2,80E+11;387;286;270;75
47635;LAVRAS;160;COLEGIO NOSSA SENHORA DE LOURDES;PRAÇA MONSENHOR DOMINGOS PINHEIRO 162;47;1031;95;VOTO BRANCO;-1;315;235;223;5
47635;LAVRAS;160;CAMPUS CARLOTA KEMPER;PRACA DR, AUGUSTO SILVA 616;160;1066;13;LUIZ INÁCIO LULA DA SILVA;2,80E+11;345;257;244;92
47635;LAVRAS;160;INSTITUTO GAMMON;PÇA, DR, JORGE 370;126;1120;70;AUGUSTO JORGE CURY;2,80E+11;315;251;242;4
47635;LAVRAS;160;ESCOLA MUNICIPAL  ALVARO BOTELHO;PCA, DOUTOR JORGE 130;54;1040;70;AUGUSTO JORGE CURY;2,80E+11;332;213;197;5
47635;LAVRAS;160;CAIC - ESCOLA MUNICIPAL ITALIA CAUTIERO FRANCO;RUA RAIMUNDA MARQUES GUIMARAES S/N;159;1163;22;FLAVIO NANTES BOLSONARO;2,80E+11;371;309;285;143
47635;LAVRAS;160;INSTITUTO GAMMON;PÇA, DR, JORGE 370;173;1120;55;RONALDO RAMOS CAIADO;2,80E+11;319;257;243;3
47635;LAVRAS;160;COLEGIO NOSSA SENHORA DE LOURDES;PRAÇA MONSENHOR DOMINGOS PINHEIRO 162;162;1031;22;FLAVIO NANTES BOLSONARO;2,80E+11;315;265;254;132
47635;LAVRAS;160;COLEGIO NOSSA SENHORA DE LOURDES;PRAÇA MONSENHOR DOMINGOS PINHEIRO 162;52;1031;14;RENAN ANTONIO FERREIRA DOS SANTOS;2,80E+11;313;240;232;4
47635;LAVRAS;160;CAIC - ESCOLA MUNICIPAL ITALIA CAUTIERO FRANCO;RUA RAIMUNDA MARQUES GUIMARAES S/N;104;1163;14;RENAN ANTONIO FERREIRA DOS SANTOS;2,80E+11;375;309;292;3
47635;LAVRAS;160;ESCOLA MUNICIPAL  ALVARO BOTELHO;PCA, DOUTOR JORGE 130;59;1040;14;RENAN ANTONIO FERREIRA DOS SANTOS;2,80E+11;336;256;242;3
47635;LAVRAS;160;COLEGIO NOSSA SENHORA DE LOURDES;PRAÇA MONSENHOR DOMINGOS PINHEIRO 162;50;1031;30;ROMEU ZEMA NETO;2,80E+11;311;226;213;3
47635;LAVRAS;160;CAMPUS CARLOTA KEMPER;PRACA DR, AUGUSTO SILVA 616;96;1066;14;RENAN ANTONIO FERREIRA DOS SANTOS;2,80E+11;345;283;271;7
47635;LAVRAS;160;ESCOLA ESTADUAL CINIRA DE CARVALHO;RUA AUGUSTO VIEIRA SILVA 440;230;1147;13;LUIZ INÁCIO LULA DA SILVA;2,80E+11;392;305;275;105
47635;LAVRAS;160;ESCOLA MUNICIPAL OSCAR BOTELHO;RUA JOAQUIM CARLOS ALVARENGA 268;75;1074;13;LUIZ INÁCIO LULA DA SILVA;2,80E+11;343;241;214;107
47635;LAVRAS;160;COLEGIO NOSSA SENHORA DE LOURDES;PRAÇA MONSENHOR DOMINGOS PINHEIRO 162;52;1031;13;LUIZ INÁCIO LULA DA SILVA;2,80E+11;313;240;232;82
47635;LAVRAS;160;ESCOLA ESTADUAL FIRMINO COSTA;RUA BARBOSA LIMA 361;192;1082;95;VOTO BRANCO;-1;389;297;280;7
47635;LAVRAS;160;ESCOLA ESTADUAL CRISTIANO DE SOUZA;AV, DUQUE DA ROCHA 501;275;1155;95;VOTO BRANCO;-1;394;322;298;10
47635;LAVRAS;160;ESCOLA ESTADUAL FIRMINO COSTA;RUA BARBOSA LIMA 361;205;1082;16;HERTZ DA CONCEICAO DIAS;2,80E+11;391;293;275;1
47635;LAVRAS;160;ESCOLA ESTADUAL FIRMINO COSTA;RUA BARBOSA LIMA 361;80;1082;70;AUGUSTO JORGE CURY;2,80E+11;381;268;248;9
47635;LAVRAS;160;ESCOLA MUNICIPAL DOUTORA DAMINA;RUA PEDRO MOURA 269;33;1015;30;ROMEU ZEMA NETO;2,80E+11;333;241;228;2
47635;LAVRAS;160;ESCOLA ESTADUAL TIRADENTES;RUA COMANDANTE NÉLIO, N, 07;284;1260;13;LUIZ INÁCIO LULA DA SILVA;2,80E+11;389;317;301;114
47635;LAVRAS;160;ESCOLA MUNICIPAL UMBELINA AZEVEDO AVELLAR;AVENIDA ANISIO HADDAD, 10;233;1228;13;LUIZ INÁCIO LULA DA SILVA;2,80E+11;374;284;260;116
47635;LAVRAS;160;ESCOLA MUNICIPAL UMBELINA AZEVEDO AVELLAR;AVENIDA ANISIO HADDAD, 10;260;1228;95;VOTO BRANCO;-1;382;303;275;11
47635;LAVRAS;160;ESCOLA ESTADUAL AZARIAS RIBEIRO;RUA  ORLANDINO PINTO RIBEIRO 254;61;1058;95;VOTO BRANCO;-1;354;245;229;9
47635;LAVRAS;160;ESCOLA ESTADUAL CRISTIANO DE SOUZA;AV, DUQUE DA ROCHA 501;225;1155;14;RENAN ANTONIO FERREIRA DOS SANTOS;2,80E+11;390;295;274;3
47635;LAVRAS;160;ESCOLA ESTADUAL CINIRA DE CARVALHO;RUA AUGUSTO VIEIRA SILVA 440;207;1147;30;ROMEU ZEMA NETO;2,80E+11;388;309;282;1
47635;LAVRAS;160;ESCOLA ESTADUAL JOAO BATISTA HERMETO;RUA JAIR FERREIRA 285;40;1023;70;AUGUSTO JORGE CURY;2,80E+11;389;299;279;13
47635;LAVRAS;160;ESCOLA ESTADUAL JOAO BATISTA HERMETO;RUA JAIR FERREIRA 285;40;1023;55;RONALDO RAMOS CAIADO;2,80E+11;389;299;279;6
47635;LAVRAS;160;ESCOLA ESTADUAL FIRMINO COSTA;RUA BARBOSA LIMA 361;82;1082;55;RONALDO RAMOS CAIADO;2,80E+11;392;278;262;3
47635;LAVRAS;160;ESCOLA MUNICIPAL OSCAR BOTELHO;RUA JOAQUIM CARLOS ALVARENGA 268;164;1074;30;ROMEU ZEMA NETO;2,80E+11;343;271;251;2
47635;LAVRAS;160;ESCOLA MUNICIPAL PAULO MENICUCCI;RUA AGRIPINO AUGUSTO ANDRADE 425;114;1112;14;RENAN ANTONIO FERREIRA DOS SANTOS;2,80E+11;271;203;183;2
47635;LAVRAS;160;ESCOLA MUNICIPAL PAULO MENICUCCI;RUA AGRIPINO AUGUSTO ANDRADE 425;108;1112;13;LUIZ INÁCIO LULA DA SILVA;2,80E+11;289;197;178;83
47635;LAVRAS;160;CAIC - ESCOLA MUNICIPAL ITALIA CAUTIERO FRANCO;RUA RAIMUNDA MARQUES GUIMARAES S/N;104;1163;55;RONALDO RAMOS CAIADO;2,80E+11;375;309;292;8
47635;LAVRAS;160;ESCOLA MUNICIPAL DOUTORA DAMINA;RUA PEDRO MOURA 269;34;1015;55;RONALDO RAMOS CAIADO;2,80E+11;339;243;231;2
47635;LAVRAS;160;COLEGIO NOSSA SENHORA DE LOURDES;PRAÇA MONSENHOR DOMINGOS PINHEIRO 162;151;1031;30;ROMEU ZEMA NETO;2,80E+11;317;249;233;4
47635;LAVRAS;160;ESCOLA MUNICIPAL PAULO MENICUCCI;RUA AGRIPINO AUGUSTO ANDRADE 425;217;1112;96;VOTO NULO;-1;283;226;199;14
47635;LAVRAS;160;ESCOLA ESTADUAL TIRADENTES;RUA COMANDANTE NÉLIO, N, 07;277;1260;96;VOTO NULO;-1;394;312;299;7
47635;LAVRAS;160;ESCOLA MUNICIPAL DOUTORA DAMINA;RUA PEDRO MOURA 269;33;1015;96;VOTO NULO;-1;333;241;228;8
47635;LAVRAS;160;CAMPUS CARLOTA KEMPER;PRACA DR, AUGUSTO SILVA 616;92;1066;55;RONALDO RAMOS CAIADO;2,80E+11;345;255;243;4
47635;LAVRAS;160;COLEGIO NOSSA SENHORA DE LOURDES;PRAÇA MONSENHOR DOMINGOS PINHEIRO 162;48;1031;96;VOTO NULO;-1;317;234;228;1
47635;LAVRAS;160;UNILAVRAS;RUA PADRE JOSE POGGEL 506;259;1139;30;ROMEU ZEMA NETO;2,80E+11;358;284;274;2
47635;LAVRAS;160;ESCOLA MUNICIPAL PAULO MENICUCCI;RUA AGRIPINO AUGUSTO ANDRADE 425;112;1112;30;ROMEU ZEMA NETO;2,80E+11;272;190;170;1
47635;LAVRAS;160;ESCOLA MUNICIPAL OSCAR BOTELHO;RUA JOAQUIM CARLOS ALVARENGA 268;75;1074;14;RENAN ANTONIO FERREIRA DOS SANTOS;2,80E+11;343;241;214;3
47635;LAVRAS;160;ESCOLA ESTADUAL JOAO BATISTA HERMETO;RUA JAIR FERREIRA 285;39;1023;14;RENAN ANTONIO FERREIRA DOS SANTOS;2,80E+11;393;300;276;10
47635;LAVRAS;160;E, M, PROFESSOR JOSE LUIZ DE MESQUITA;RUA CECILIA MEIRELES 101;193;1236;13;LUIZ INÁCIO LULA DA SILVA;2,80E+11;368;267;243;122
47635;LAVRAS;160;ESCOLA ESTADUAL JOAO BATISTA HERMETO;RUA JAIR FERREIRA 285;44;1023;96;VOTO NULO;-1;389;286;262;10
47635;LAVRAS;160;ESCOLA MUNICIPAL PAULO MENICUCCI;RUA AGRIPINO AUGUSTO ANDRADE 425;112;1112;96;VOTO NULO;-1;272;190;170;16
47635;LAVRAS;160;ESCOLA MUNICIPAL OSCAR BOTELHO;RUA JOAQUIM CARLOS ALVARENGA 268;79;1074;96;VOTO NULO;-1;343;282;248;12
47635;LAVRAS;160;INSTITUTO GAMMON;PÇA, DR, JORGE 370;124;1120;95;VOTO BRANCO;-1;321;223;210;2
47635;LAVRAS;160;ESCOLA MUNICIPAL OSCAR BOTELHO;RUA JOAQUIM CARLOS ALVARENGA 268;76;1074;14;RENAN ANTONIO FERREIRA DOS SANTOS;2,80E+11;343;255;231;4
47635;LAVRAS;160;E, M, PROFESSOR JOSE LUIZ DE MESQUITA;RUA CECILIA MEIRELES 101;252;1236;95;VOTO BRANCO;-1;372;279;258;14
47635;LAVRAS;160;ESCOLA ESTADUAL CRISTIANO DE SOUZA;AV, DUQUE DA ROCHA 501;204;1155;95;VOTO BRANCO;-1;393;308;280;12
47635;LAVRAS;160;ESCOLA MUNICIPAL PAULO LOURENCO MENICUCCI;RUA LUIZ CARLOS DE SOUZA 33;276;1210;95;VOTO BRANCO;-1;381;304;277;11
47635;LAVRAS;160;ESCOLA MUNICIPAL DOUTORA DAMINA;RUA PEDRO MOURA 269;32;1015;13;LUIZ INÁCIO LULA DA SILVA;2,80E+11;333;254;245;101
47635;LAVRAS;160;ESCOLA ESTADUAL JOAO BATISTA HERMETO;RUA JAIR FERREIRA 285;42;1023;95;VOTO BRANCO;-1;387;282;260;8
47635;LAVRAS;160;ESCOLA MUNICIPAL PAULO MENICUCCI;RUA AGRIPINO AUGUSTO ANDRADE 425;194;1112;14;RENAN ANTONIO FERREIRA DOS SANTOS;2,80E+11;274;225;205;2
47635;LAVRAS;160;ESCOLA ESTADUAL CINIRA DE CARVALHO;RUA AUGUSTO VIEIRA SILVA 440;207;1147;13;LUIZ INÁCIO LULA DA SILVA;2,80E+11;388;309;282;100
47635;LAVRAS;160;ESCOLA ESTADUAL JOAO BATISTA HERMETO;RUA JAIR FERREIRA 285;39;1023;13;LUIZ INÁCIO LULA DA SILVA;2,80E+11;393;300;276;102
47635;LAVRAS;160;ESCOLA ESTADUAL JOAO BATISTA HERMETO;RUA JAIR FERREIRA 285;45;1023;70;AUGUSTO JORGE CURY;2,80E+11;390;292;263;10
47635;LAVRAS;160;ESCOLA ESTADUAL JOAO BATISTA HERMETO;RUA JAIR FERREIRA 285;37;1023;30;ROMEU ZEMA NETO;2,80E+11;388;280;266;2
47635;LAVRAS;160;ESCOLA ESTADUAL AZARIAS RIBEIRO;RUA  ORLANDINO PINTO RIBEIRO 254;66;1058;70;AUGUSTO JORGE CURY;2,80E+11;355;268;252;13
47635;LAVRAS;160;ESCOLA ESTADUAL AZARIAS RIBEIRO;RUA  ORLANDINO PINTO RIBEIRO 254;62;1058;14;RENAN ANTONIO FERREIRA DOS SANTOS;2,80E+11;354;261;240;8
47635;LAVRAS;160;CAIC - ESCOLA MUNICIPAL ITALIA CAUTIERO FRANCO;RUA RAIMUNDA MARQUES GUIMARAES S/N;268;1163;13;LUIZ INÁCIO LULA DA SILVA;2,80E+11;374;291;274;113
47635;LAVRAS;160;COLEGIO NOSSA SENHORA DE LOURDES;PRAÇA MONSENHOR DOMINGOS PINHEIRO 162;51;1031;30;ROMEU ZEMA NETO;2,80E+11;316;240;231;1
47635;LAVRAS;160;ESCOLA ESTADUAL AZARIAS RIBEIRO;RUA  ORLANDINO PINTO RIBEIRO 254;60;1058;28;LEONARDO ALVES DE ARAUJO;2,80E+11;358;252;236;1
47635;LAVRAS;160;COLEGIO TIRADENTES;COMANDANTE NELIO S/N;231;1171;80;SAMARA MARTINS DA SILVA FEITOSA;2,80E+11;374;294;275;1
47635;LAVRAS;160;ESCOLA ESTADUAL FIRMINO COSTA;RUA BARBOSA LIMA 361;86;1082;70;AUGUSTO JORGE CURY;2,80E+11;388;292;272;8
47635;LAVRAS;160;ESCOLA MUNICIPAL JOSE SERAFIM;RUA HELIO LUCIO DO CARMO 10;242;1201;70;AUGUSTO JORGE CURY;2,80E+11;299;236;205;8
47635;LAVRAS;160;CAIC - ESCOLA MUNICIPAL ITALIA CAUTIERO FRANCO;RUA RAIMUNDA MARQUES GUIMARAES S/N;268;1163;96;VOTO NULO;-1;374;291;274;11
47635;LAVRAS;160;CAMPUS CARLOTA KEMPER;PRACA DR, AUGUSTO SILVA 616;93;1066;13;LUIZ INÁCIO LULA DA SILVA;2,80E+11;346;243;233;75
47635;LAVRAS;160;ESCOLA MUNICIPAL PAULO MENICUCCI;RUA AGRIPINO AUGUSTO ANDRADE 425;110;1112;22;FLAVIO NANTES BOLSONARO;2,80E+11;286;195;171;73
47635;LAVRAS;160;ESCOLA MUNICIPAL OSCAR BOTELHO;RUA JOAQUIM CARLOS ALVARENGA 268;263;1074;30;ROMEU ZEMA NETO;2,80E+11;340;255;224;2
47635;LAVRAS;160;ESCOLA ESTADUAL JOAO BATISTA HERMETO;RUA JAIR FERREIRA 285;41;1023;14;RENAN ANTONIO FERREIRA DOS SANTOS;2,80E+11;391;302;283;7
47635;LAVRAS;160;ESCOLA MUNICIPAL PAULO MENICUCCI;RUA AGRIPINO AUGUSTO ANDRADE 425;114;1112;13;LUIZ INÁCIO LULA DA SILVA;2,80E+11;271;203;183;82
47635;LAVRAS;160;ESCOLA MUNICIPAL PAULO MENICUCCI;RUA AGRIPINO AUGUSTO ANDRADE 425;171;1112;14;RENAN ANTONIO FERREIRA DOS SANTOS;2,80E+11;284;233;206;1
47635;LAVRAS;160;ESCOLA MUNICIPAL UMBELINA AZEVEDO AVELLAR;AVENIDA ANISIO HADDAD, 10;233;1228;14;RENAN ANTONIO FERREIRA DOS SANTOS;2,80E+11;374;284;260;5
47635;LAVRAS;160;ESCOLA ESTADUAL JOAO BATISTA HERMETO;RUA JAIR FERREIRA 285;37;1023;55;RONALDO RAMOS CAIADO;2,80E+11;388;280;266;10
47635;LAVRAS;160;ESCOLA MUNICIPAL PAULO LOURENCO MENICUCCI;RUA LUIZ CARLOS DE SOUZA 33;257;1210;55;RONALDO RAMOS CAIADO;2,80E+11;383;302;277;2
47635;LAVRAS;160;ESCOLA ESTADUAL FIRMINO COSTA;RUA BARBOSA LIMA 361;205;1082;13;LUIZ INÁCIO LULA DA SILVA;2,80E+11;391;293;275;91
47635;LAVRAS;160;ESCOLA ESTADUAL CRISTIANO DE SOUZA;AV, DUQUE DA ROCHA 501;236;1155;13;LUIZ INÁCIO LULA DA SILVA;2,80E+11;391;319;303;158
47635;LAVRAS;160;ESCOLA ESTADUAL JOAO BATISTA HERMETO;RUA JAIR FERREIRA 285;182;1023;96;VOTO NULO;-1;387;294;282;4
47635;LAVRAS;160;ESCOLA MUNICIPAL  ALVARO BOTELHO;PCA, DOUTOR JORGE 130;57;1040;96;VOTO NULO;-1;338;251;235;12
47635;LAVRAS;160;ESCOLA MUNICIPAL FRANCISCO SALES;RUA SANTOS PENONI S/N;99;1090;96;VOTO NULO;-1;397;288;259;16
47635;LAVRAS;160;ESCOLA ESTADUAL JOAO BATISTA HERMETO;RUA JAIR FERREIRA 285;42;1023;96;VOTO NULO;-1;387;282;260;14
47635;LAVRAS;160;E, M, PROFESSOR JOSE LUIZ DE MESQUITA;RUA CECILIA MEIRELES 101;206;1236;96;VOTO NULO;-1;372;279;247;16
47635;LAVRAS;160;ESCOLA ESTADUAL CINIRA DE CARVALHO;RUA AUGUSTO VIEIRA SILVA 440;200;1147;55;RONALDO RAMOS CAIADO;2,80E+11;395;305;278;7
47635;LAVRAS;160;CAMPUS CARLOTA KEMPER;PRACA DR, AUGUSTO SILVA 616;92;1066;13;LUIZ INÁCIO LULA DA SILVA;2,80E+11;345;255;243;95
47635;LAVRAS;160;ESCOLA ESTADUAL JOAO BATISTA HERMETO;RUA JAIR FERREIRA 285;278;1023;95;VOTO BRANCO;-1;389;293;274;9
47635;LAVRAS;160;CAIC - ESCOLA MUNICIPAL ITALIA CAUTIERO FRANCO;RUA RAIMUNDA MARQUES GUIMARAES S/N;202;1163;96;VOTO NULO;-1;371;305;286;13
47635;LAVRAS;160;ESCOLA MUNICIPAL UMBELINA AZEVEDO AVELLAR;AVENIDA ANISIO HADDAD, 10;286;1228;70;AUGUSTO JORGE CURY;2,80E+11;158;137;116;4
47635;LAVRAS;160;ESCOLA MUNICIPAL PAULO MENICUCCI;RUA AGRIPINO AUGUSTO ANDRADE 425;115;1112;95;VOTO BRANCO;-1;269;197;175;8
47635;LAVRAS;160;ESCOLA ESTADUAL CINIRA DE CARVALHO;RUA AUGUSTO VIEIRA SILVA 440;220;1147;14;RENAN ANTONIO FERREIRA DOS SANTOS;2,80E+11;395;306;276;4
47635;LAVRAS;160;ESCOLA ESTADUAL CINIRA DE CARVALHO;RUA AUGUSTO VIEIRA SILVA 440;230;1147;80;SAMARA MARTINS DA SILVA FEITOSA;2,80E+11;392;305;275;2
47635;LAVRAS;160;E, M, PROFESSOR JOSE LUIZ DE MESQUITA;RUA CECILIA MEIRELES 101;228;1236;95;VOTO BRANCO;-1;373;276;262;9
47635;LAVRAS;160;INSTITUTO GAMMON;PÇA, DR, JORGE 370;121;1120;27;CLARIANA ZACARKIM BARAO;2,80E+11;319;251;234;1
47635;LAVRAS;160;INSTITUTO GAMMON;PÇA, DR, JORGE 370;125;1120;27;CLARIANA ZACARKIM BARAO;2,80E+11;319;246;237;1
47635;LAVRAS;160;COLEGIO TIRADENTES;COMANDANTE NELIO S/N;158;1171;96;VOTO NULO;-1;384;310;295;11
47635;LAVRAS;160;CAMPUS CARLOTA KEMPER;PRACA DR, AUGUSTO SILVA 616;96;1066;96;VOTO NULO;-1;345;283;271;7
47635;LAVRAS;160;ESCOLA ESTADUAL TIRADENTES;RUA COMANDANTE NÉLIO, N, 07;281;1260;96;VOTO NULO;-1;392;286;273;5
47635;LAVRAS;160;ESCOLA ESTADUAL JOAO BATISTA HERMETO;RUA JAIR FERREIRA 285;42;1023;80;SAMARA MARTINS DA SILVA FEITOSA;2,80E+11;387;282;260;1
47635;LAVRAS;160;ESCOLA MUNICIPAL FRANCISCO SALES;RUA SANTOS PENONI S/N;101;1090;80;SAMARA MARTINS DA SILVA FEITOSA;2,80E+11;396;295;269;1
47635;LAVRAS;160;ESCOLA ESTADUAL JOAO BATISTA HERMETO;RUA JAIR FERREIRA 285;278;1023;14;RENAN ANTONIO FERREIRA DOS SANTOS;2,80E+11;389;293;274;14
47635;LAVRAS;160;ESCOLA MUNICIPAL PAULO MENICUCCI;RUA AGRIPINO AUGUSTO ANDRADE 425;194;1112;13;LUIZ INÁCIO LULA DA SILVA;2,80E+11;274;225;205;77
47635;LAVRAS;160;ESCOLA ESTADUAL FIRMINO COSTA;RUA BARBOSA LIMA 361;88;1082;13;LUIZ INÁCIO LULA DA SILVA;2,80E+11;389;289;274;102
47635;LAVRAS;160;ESCOLA ESTADUAL CINIRA DE CARVALHO;RUA AUGUSTO VIEIRA SILVA 440;240;1147;30;ROMEU ZEMA NETO;2,80E+11;394;302;272;3
47635;LAVRAS;160;COLEGIO NOSSA SENHORA DE LOURDES;PRAÇA MONSENHOR DOMINGOS PINHEIRO 162;51;1031;22;FLAVIO NANTES BOLSONARO;2,80E+11;316;240;231;115
47635;LAVRAS;160;E, M, PROFESSOR JOSE LUIZ DE MESQUITA;RUA CECILIA MEIRELES 101;206;1236;14;RENAN ANTONIO FERREIRA DOS SANTOS;2,80E+11;372;279;247;4
47635;LAVRAS;160;CAIC - ESCOLA MUNICIPAL ITALIA CAUTIERO FRANCO;RUA RAIMUNDA MARQUES GUIMARAES S/N;102;1163;22;FLAVIO NANTES BOLSONARO;2,80E+11;376;275;259;122
47635;LAVRAS;160;ESCOLA ESTADUAL CINIRA DE CARVALHO;RUA AUGUSTO VIEIRA SILVA 440;166;1147;22;FLAVIO NANTES BOLSONARO;2,80E+11;394;311;283;145
47635;LAVRAS;160;ESCOLA MUNICIPAL DOUTORA DAMINA;RUA PEDRO MOURA 269;36;1015;95;VOTO BRANCO;-1;336;255;244;7
47635;LAVRAS;160;ESCOLA MUNICIPAL OSCAR BOTELHO;RUA JOAQUIM CARLOS ALVARENGA 268;77;1074;70;AUGUSTO JORGE CURY;2,80E+11;341;247;222;4
47635;LAVRAS;160;ESCOLA MUNICIPAL PADRE DEHON;AV, ANTONIO VAZ MONTEIRO, 338;106;1104;96;VOTO NULO;-1;379;283;263;14
47635;LAVRAS;160;ESCOLA MUNICIPAL PAULO MENICUCCI;RUA AGRIPINO AUGUSTO ANDRADE 425;108;1112;96;VOTO NULO;-1;289;197;178;15
47635;LAVRAS;160;ESCOLA ESTADUAL JOAO BATISTA HERMETO;RUA JAIR FERREIRA 285;168;1023;96;VOTO NULO;-1;386;309;286;11
47635;LAVRAS;160;ESCOLA ESTADUAL CINIRA DE CARVALHO;RUA AUGUSTO VIEIRA SILVA 440;249;1147;96;VOTO NULO;-1;395;296;275;11
47635;LAVRAS;160;ESCOLA ESTADUAL TIRADENTES;RUA COMANDANTE NÉLIO, N, 07;281;1260;80;SAMARA MARTINS DA SILVA FEITOSA;2,80E+11;392;286;273;2
47635;LAVRAS;160;ESCOLA ESTADUAL FIRMINO COSTA;RUA BARBOSA LIMA 361;192;1082;80;SAMARA MARTINS DA SILVA FEITOSA;2,80E+11;389;297;280;2
47635;LAVRAS;160;E, M, PROFESSOR JOSE LUIZ DE MESQUITA;RUA CECILIA MEIRELES 101;266;1236;14;RENAN ANTONIO FERREIRA DOS SANTOS;2,80E+11;373;264;243;8
47635;LAVRAS;160;CAIC - ESCOLA MUNICIPAL ITALIA CAUTIERO FRANCO;RUA RAIMUNDA MARQUES GUIMARAES S/N;102;1163;14;RENAN ANTONIO FERREIRA DOS SANTOS;2,80E+11;376;275;259;4
47635;LAVRAS;160;ESCOLA MUNICIPAL DOUTORA DAMINA;RUA PEDRO MOURA 269;31;1015;30;ROMEU ZEMA NETO;2,80E+11;341;255;242;2
47635;LAVRAS;160;ESCOLA MUNICIPAL JOSE SERAFIM;RUA HELIO LUCIO DO CARMO 10;227;1201;14;RENAN ANTONIO FERREIRA DOS SANTOS;2,80E+11;302;229;207;1
47635;LAVRAS;160;ESCOLA ESTADUAL AZARIAS RIBEIRO;RUA  ORLANDINO PINTO RIBEIRO 254;198;1058;14;RENAN ANTONIO FERREIRA DOS SANTOS;2,80E+11;343;268;253;4
47635;LAVRAS;160;ESCOLA ESTADUAL FIRMINO COSTA;RUA BARBOSA LIMA 361;237;1082;13;LUIZ INÁCIO LULA DA SILVA;2,80E+11;386;297;278;101
47635;LAVRAS;160;ESCOLA MUNICIPAL PAULO LOURENCO MENICUCCI;RUA LUIZ CARLOS DE SOUZA 33;257;1210;14;RENAN ANTONIO FERREIRA DOS SANTOS;2,80E+11;383;302;277;6
47635;LAVRAS;160;COLEGIO TIRADENTES;COMANDANTE NELIO S/N;223;1171;14;RENAN ANTONIO FERREIRA DOS SANTOS;2,80E+11;378;297;281;15
47635;LAVRAS;160;INSTITUTO GAMMON;PÇA, DR, JORGE 370;125;1120;14;RENAN ANTONIO FERREIRA DOS SANTOS;2,80E+11;319;246;237;4
47635;LAVRAS;160;INSTITUTO GAMMON;PÇA, DR, JORGE 370;124;1120;14;RENAN ANTONIO FERREIRA DOS SANTOS;2,80E+11;321;223;210;4
47635;LAVRAS;160;ESCOLA ESTADUAL AZARIAS RIBEIRO;RUA  ORLANDINO PINTO RIBEIRO 254;222;1058;22;FLAVIO NANTES BOLSONARO;2,80E+11;351;276;260;147
47635;LAVRAS;160;ESCOLA MUNICIPAL PAULO MENICUCCI;RUA AGRIPINO AUGUSTO ANDRADE 425;113;1112;30;ROMEU ZEMA NETO;2,80E+11;287;212;195;1
47635;LAVRAS;160;ESCOLA MUNICIPAL PADRE DEHON;AV, ANTONIO VAZ MONTEIRO, 338;262;1104;13;LUIZ INÁCIO LULA DA SILVA;2,80E+11;379;299;285;123
47635;LAVRAS;160;ESCOLA ESTADUAL CINIRA DE CARVALHO;RUA AUGUSTO VIEIRA SILVA 440;161;1147;14;RENAN ANTONIO FERREIRA DOS SANTOS;2,80E+11;398;284;266;2
47635;LAVRAS;160;E, M, PROFESSOR JOSE LUIZ DE MESQUITA;RUA CECILIA MEIRELES 101;193;1236;22;FLAVIO NANTES BOLSONARO;2,80E+11;368;267;243;101
47635;LAVRAS;160;E, M, PROFESSOR JOSE LUIZ DE MESQUITA;RUA CECILIA MEIRELES 101;283;1236;22;FLAVIO NANTES BOLSONARO;2,80E+11;369;268;241;96
47635;LAVRAS;160;ESCOLA MUNICIPAL JOSE SERAFIM;RUA HELIO LUCIO DO CARMO 10;227;1201;22;FLAVIO NANTES BOLSONARO;2,80E+11;302;229;207;72
47635;LAVRAS;160;ESCOLA ESTADUAL AZARIAS RIBEIRO;RUA  ORLANDINO PINTO RIBEIRO 254;65;1058;95;VOTO BRANCO;-1;349;268;250;4
47635;LAVRAS;160;ESCOLA MUNICIPAL DOUTORA DAMINA;RUA PEDRO MOURA 269;170;1015;30;ROMEU ZEMA NETO;2,80E+11;337;250;237;3
47635;LAVRAS;160;ESCOLA MUNICIPAL DOUTORA DAMINA;RUA PEDRO MOURA 269;210;1015;70;AUGUSTO JORGE CURY;2,80E+11;331;259;239;2
47635;LAVRAS;160;UNILAVRAS;RUA PADRE JOSE POGGEL 506;282;1139;70;AUGUSTO JORGE CURY;2,80E+11;360;286;275;6
47635;LAVRAS;160;ESCOLA ESTADUAL CRISTIANO DE SOUZA;AV, DUQUE DA ROCHA 501;241;1155;13;LUIZ INÁCIO LULA DA SILVA;2,80E+11;384;301;276;129
47635;LAVRAS;160;ESCOLA ESTADUAL AZARIAS RIBEIRO;RUA  ORLANDINO PINTO RIBEIRO 254;244;1058;95;VOTO BRANCO;-1;352;286;268;6
47635;LAVRAS;160;INSTITUTO GAMMON;PÇA, DR, JORGE 370;118;1120;70;AUGUSTO JORGE CURY;2,80E+11;315;230;217;7
47635;LAVRAS;160;ESCOLA ESTADUAL AZARIAS RIBEIRO;RUA  ORLANDINO PINTO RIBEIRO 254;63;1058;14;RENAN ANTONIO FERREIRA DOS SANTOS;2,80E+11;350;252;239;4
47635;LAVRAS;160;ESCOLA ESTADUAL JOAO BATISTA HERMETO;RUA JAIR FERREIRA 285;155;1023;30;ROMEU ZEMA NETO;2,80E+11;391;309;280;2
47635;LAVRAS;160;ESCOLA MUNICIPAL OSCAR BOTELHO;RUA JOAQUIM CARLOS ALVARENGA 268;79;1074;30;ROMEU ZEMA NETO;2,80E+11;343;282;248;4
47635;LAVRAS;160;INSTITUTO GAMMON;PÇA, DR, JORGE 370;190;1120;70;AUGUSTO JORGE CURY;2,80E+11;319;261;243;12
47635;LAVRAS;160;ESCOLA MUNICIPAL PAULO MENICUCCI;RUA AGRIPINO AUGUSTO ANDRADE 425;115;1112;22;FLAVIO NANTES BOLSONARO;2,80E+11;269;197;175;85
47635;LAVRAS;160;ESCOLA MUNICIPAL  ALVARO BOTELHO;PCA, DOUTOR JORGE 130;59;1040;30;ROMEU ZEMA NETO;2,80E+11;336;256;242;2
47635;LAVRAS;160;ESCOLA ESTADUAL JOAO BATISTA HERMETO;RUA JAIR FERREIRA 285;38;1023;22;FLAVIO NANTES BOLSONARO;2,80E+11;389;291;273;138
47635;LAVRAS;160;ESCOLA ESTADUAL TIRADENTES;RUA COMANDANTE NÉLIO, N, 07;269;1260;70;AUGUSTO JORGE CURY;2,80E+11;389;305;287;12
47635;LAVRAS;160;ESCOLA MUNICIPAL PAULO LOURENCO MENICUCCI;RUA LUIZ CARLOS DE SOUZA 33;212;1210;70;AUGUSTO JORGE CURY;2,80E+11;378;294;264;12
47635;LAVRAS;160;ESCOLA MUNICIPAL OSCAR BOTELHO;RUA JOAQUIM CARLOS ALVARENGA 268;177;1074;16;HERTZ DA CONCEICAO DIAS;2,80E+11;340;274;247;1
47635;LAVRAS;160;INSTITUTO GAMMON;PÇA, DR, JORGE 370;122;1120;22;FLAVIO NANTES BOLSONARO;2,80E+11;318;241;230;116
47635;LAVRAS;160;ESCOLA MUNICIPAL PAULO MENICUCCI;RUA AGRIPINO AUGUSTO ANDRADE 425;154;1112;22;FLAVIO NANTES BOLSONARO;2,80E+11;286;219;189;83
47635;LAVRAS;160;ESCOLA ESTADUAL FIRMINO COSTA;RUA BARBOSA LIMA 361;88;1082;22;FLAVIO NANTES BOLSONARO;2,80E+11;389;289;274;146
47635;LAVRAS;160;ESCOLA MUNICIPAL  ALVARO BOTELHO;PCA, DOUTOR JORGE 130;57;1040;14;RENAN ANTONIO FERREIRA DOS SANTOS;2,80E+11;338;251;235;3
47635;LAVRAS;160;ESCOLA ESTADUAL FIRMINO COSTA;RUA BARBOSA LIMA 361;86;1082;14;RENAN ANTONIO FERREIRA DOS SANTOS;2,80E+11;388;292;272;7
47635;LAVRAS;160;ESCOLA MUNICIPAL PAULO MENICUCCI;RUA AGRIPINO AUGUSTO ANDRADE 425;108;1112;55;RONALDO RAMOS CAIADO;2,80E+11;289;197;178;4
47635;LAVRAS;160;ESCOLA ESTADUAL AZARIAS RIBEIRO;RUA  ORLANDINO PINTO RIBEIRO 254;222;1058;13;LUIZ INÁCIO LULA DA SILVA;2,80E+11;351;276;260;87
47635;LAVRAS;160;ESCOLA ESTADUAL AZARIAS RIBEIRO;RUA  ORLANDINO PINTO RIBEIRO 254;60;1058;22;FLAVIO NANTES BOLSONARO;2,80E+11;358;252;236;104
47635;LAVRAS;160;ESCOLA MUNICIPAL JOSE SERAFIM;RUA HELIO LUCIO DO CARMO 10;273;1201;13;LUIZ INÁCIO LULA DA SILVA;2,80E+11;306;224;188;103
47635;LAVRAS;160;ESCOLA ESTADUAL TIRADENTES;RUA COMANDANTE NÉLIO, N, 07;269;1260;22;FLAVIO NANTES BOLSONARO;2,80E+11;389;305;287;161
47635;LAVRAS;160;UNILAVRAS;RUA PADRE JOSE POGGEL 506;259;1139;22;FLAVIO NANTES BOLSONARO;2,80E+11;358;284;274;152
47635;LAVRAS;160;ESCOLA ESTADUAL CINIRA DE CARVALHO;RUA AUGUSTO VIEIRA SILVA 440;191;1147;22;FLAVIO NANTES BOLSONARO;2,80E+11;395;305;279;135
47635;LAVRAS;160;UNILAVRAS;RUA PADRE JOSE POGGEL 506;149;1139;14;RENAN ANTONIO FERREIRA DOS SANTOS;2,80E+11;358;293;282;11
47635;LAVRAS;160;COLEGIO NOSSA SENHORA DE LOURDES;PRAÇA MONSENHOR DOMINGOS PINHEIRO 162;162;1031;14;RENAN ANTONIO FERREIRA DOS SANTOS;2,80E+11;315;265;254;7
47635;LAVRAS;160;ESCOLA ESTADUAL AZARIAS RIBEIRO;RUA  ORLANDINO PINTO RIBEIRO 254;270;1058;96;VOTO NULO;-1;353;273;254;12
47635;LAVRAS;160;ESCOLA ESTADUAL JOAO BATISTA HERMETO;RUA JAIR FERREIRA 285;168;1023;55;RONALDO RAMOS CAIADO;2,80E+11;386;309;286;8
47635;LAVRAS;160;ESCOLA ESTADUAL CRISTIANO DE SOUZA;AV, DUQUE DA ROCHA 501;179;1155;80;SAMARA MARTINS DA SILVA FEITOSA;2,80E+11;387;311;275;2
47635;LAVRAS;160;ESCOLA ESTADUAL AZARIAS RIBEIRO;RUA  ORLANDINO PINTO RIBEIRO 254;66;1058;22;FLAVIO NANTES BOLSONARO;2,80E+11;355;268;252;120
47635;LAVRAS;160;CAMPUS CARLOTA KEMPER;PRACA DR, AUGUSTO SILVA 616;94;1066;22;FLAVIO NANTES BOLSONARO;2,80E+11;342;246;239;135
47635;LAVRAS;160;ESCOLA ESTADUAL FIRMINO COSTA;RUA BARBOSA LIMA 361;205;1082;95;VOTO BRANCO;-1;391;293;275;6
47635;LAVRAS;160;ESCOLA MUNICIPAL PADRE DEHON;AV, ANTONIO VAZ MONTEIRO, 338;105;1104;95;VOTO BRANCO;-1;383;293;275;11
47635;LAVRAS;160;ESCOLA ESTADUAL TIRADENTES;RUA COMANDANTE NÉLIO, N, 07;281;1260;70;AUGUSTO JORGE CURY;2,80E+11;392;286;273;11
47635;LAVRAS;160;ESCOLA ESTADUAL FIRMINO COSTA;RUA BARBOSA LIMA 361;83;1082;70;AUGUSTO JORGE CURY;2,80E+11;390;265;248;8
47635;LAVRAS;160;ESCOLA MUNICIPAL UMBELINA AZEVEDO AVELLAR;AVENIDA ANISIO HADDAD, 10;233;1228;70;AUGUSTO JORGE CURY;2,80E+11;374;284;260;9
47635;LAVRAS;160;ESCOLA MUNICIPAL  ALVARO BOTELHO;PCA, DOUTOR JORGE 130;58;1040;14;RENAN ANTONIO FERREIRA DOS SANTOS;2,80E+11;335;242;226;8
47635;LAVRAS;160;ESCOLA ESTADUAL FIRMINO COSTA;RUA BARBOSA LIMA 361;216;1082;70;AUGUSTO JORGE CURY;2,80E+11;385;286;277;10
47635;LAVRAS;160;UNILAVRAS;RUA PADRE JOSE POGGEL 506;176;1139;13;LUIZ INÁCIO LULA DA SILVA;2,80E+11;355;281;274;81
47635;LAVRAS;160;COLEGIO TIRADENTES;COMANDANTE NELIO S/N;158;1171;14;RENAN ANTONIO FERREIRA DOS SANTOS;2,80E+11;384;310;295;9
47635;LAVRAS;160;ESCOLA ESTADUAL JOAO BATISTA HERMETO;RUA JAIR FERREIRA 285;182;1023;13;LUIZ INÁCIO LULA DA SILVA;2,80E+11;387;294;282;95
47635;LAVRAS;160;ESCOLA MUNICIPAL PAULO MENICUCCI;RUA AGRIPINO AUGUSTO ANDRADE 425;108;1112;70;AUGUSTO JORGE CURY;2,80E+11;289;197;178;7
47635;LAVRAS;160;ESCOLA ESTADUAL AZARIAS RIBEIRO;RUA  ORLANDINO PINTO RIBEIRO 254;66;1058;14;RENAN ANTONIO FERREIRA DOS SANTOS;2,80E+11;355;268;252;5
47635;LAVRAS;160;ESCOLA ESTADUAL CINIRA DE CARVALHO;RUA AUGUSTO VIEIRA SILVA 440;174;1147;70;AUGUSTO JORGE CURY;2,80E+11;394;308;288;14
47635;LAVRAS;160;CAMPUS CARLOTA KEMPER;PRACA DR, AUGUSTO SILVA 616;183;1066;22;FLAVIO NANTES BOLSONARO;2,80E+11;345;263;247;148
47635;LAVRAS;160;CAMPUS CARLOTA KEMPER;PRACA DR, AUGUSTO SILVA 616;71;1066;22;FLAVIO NANTES BOLSONARO;2,80E+11;345;245;238;124
47635;LAVRAS;160;ESCOLA ESTADUAL FIRMINO COSTA;RUA BARBOSA LIMA 361;81;1082;22;FLAVIO NANTES BOLSONARO;2,80E+11;391;266;254;136
47635;LAVRAS;160;ESCOLA ESTADUAL FIRMINO COSTA;RUA BARBOSA LIMA 361;216;1082;14;RENAN ANTONIO FERREIRA DOS SANTOS;2,80E+11;385;286;277;6
47635;LAVRAS;160;ESCOLA MUNICIPAL DOUTORA DAMINA;RUA PEDRO MOURA 269;31;1015;14;RENAN ANTONIO FERREIRA DOS SANTOS;2,80E+11;341;255;242;1
47635;LAVRAS;160;ESCOLA MUNICIPAL DOUTORA DAMINA;RUA PEDRO MOURA 269;185;1015;14;RENAN ANTONIO FERREIRA DOS SANTOS;2,80E+11;334;258;247;7
47635;LAVRAS;160;UNILAVRAS;RUA PADRE JOSE POGGEL 506;226;1139;55;RONALDO RAMOS CAIADO;2,80E+11;355;268;262;7
47635;LAVRAS;160;COLEGIO TIRADENTES;COMANDANTE NELIO S/N;215;1171;22;FLAVIO NANTES BOLSONARO;2,80E+11;380;302;289;161
47635;LAVRAS;160;CAIC - ESCOLA MUNICIPAL ITALIA CAUTIERO FRANCO;RUA RAIMUNDA MARQUES GUIMARAES S/N;234;1163;22;FLAVIO NANTES BOLSONARO;2,80E+11;371;303;274;143
47635;LAVRAS;160;ESCOLA ESTADUAL AZARIAS RIBEIRO;RUA  ORLANDINO PINTO RIBEIRO 254;66;1058;13;LUIZ INÁCIO LULA DA SILVA;2,80E+11;355;268;252;105
47635;LAVRAS;160;ESCOLA MUNICIPAL UMBELINA AZEVEDO AVELLAR;AVENIDA ANISIO HADDAD, 10;279;1228;14;RENAN ANTONIO FERREIRA DOS SANTOS;2,80E+11;385;277;257;11
47635;LAVRAS;160;CAIC - ESCOLA MUNICIPAL ITALIA CAUTIERO FRANCO;RUA RAIMUNDA MARQUES GUIMARAES S/N;159;1163;55;RONALDO RAMOS CAIADO;2,80E+11;371;309;285;5
47635;LAVRAS;160;ESCOLA ESTADUAL JOAO BATISTA HERMETO;RUA JAIR FERREIRA 285;40;1023;14;RENAN ANTONIO FERREIRA DOS SANTOS;2,80E+11;389;299;279;7
47635;LAVRAS;160;E, M, PROFESSOR JOSE LUIZ DE MESQUITA;RUA CECILIA MEIRELES 101;228;1236;14;RENAN ANTONIO FERREIRA DOS SANTOS;2,80E+11;373;276;262;8
47635;LAVRAS;160;ESCOLA MUNICIPAL DOUTORA DAMINA;RUA PEDRO MOURA 269;210;1015;13;LUIZ INÁCIO LULA DA SILVA;2,80E+11;331;259;239;105
47635;LAVRAS;160;UNILAVRAS;RUA PADRE JOSE POGGEL 506;128;1139;55;RONALDO RAMOS CAIADO;2,80E+11;358;279;262;7
47635;LAVRAS;160;ESCOLA MUNICIPAL FRANCISCO SALES;RUA SANTOS PENONI S/N;98;1090;22;FLAVIO NANTES BOLSONARO;2,80E+11;396;273;257;113
47635;LAVRAS;160;CAIC - ESCOLA MUNICIPAL ITALIA CAUTIERO FRANCO;RUA RAIMUNDA MARQUES GUIMARAES S/N;180;1163;22;FLAVIO NANTES BOLSONARO;2,80E+11;367;307;278;152
47635;LAVRAS;160;ESCOLA ESTADUAL FIRMINO COSTA;RUA BARBOSA LIMA 361;87;1082;22;FLAVIO NANTES BOLSONARO;2,80E+11;387;252;235;127
47635;LAVRAS;160;ESCOLA ESTADUAL CINIRA DE CARVALHO;RUA AUGUSTO VIEIRA SILVA 440;249;1147;55;RONALDO RAMOS CAIADO;2,80E+11;395;296;275;3
47635;LAVRAS;160;UNILAVRAS;RUA PADRE JOSE POGGEL 506;259;1139;55;RONALDO RAMOS CAIADO;2,80E+11;358;284;274;1
47635;LAVRAS;160;COLEGIO TIRADENTES;COMANDANTE NELIO S/N;69;1171;55;RONALDO RAMOS CAIADO;2,80E+11;382;283;269;8
47635;LAVRAS;160;INSTITUTO GAMMON;PÇA, DR, JORGE 370;120;1120;55;RONALDO RAMOS CAIADO;2,80E+11;319;251;243;9
47635;LAVRAS;160;INSTITUTO GAMMON;PÇA, DR, JORGE 370;122;1120;13;LUIZ INÁCIO LULA DA SILVA;2,80E+11;318;241;230;85
47635;LAVRAS;160;ESCOLA MUNICIPAL FRANCISCO SALES;RUA SANTOS PENONI S/N;100;1090;95;VOTO BRANCO;-1;399;284;264;4
47635;LAVRAS;160;COLEGIO TIRADENTES;COMANDANTE NELIO S/N;70;1171;30;ROMEU ZEMA NETO;2,80E+11;382;296;279;2
47635;LAVRAS;160;ESCOLA MUNICIPAL PADRE DEHON;AV, ANTONIO VAZ MONTEIRO, 338;107;1104;22;FLAVIO NANTES BOLSONARO;2,80E+11;379;296;274;150
47635;LAVRAS;160;INSTITUTO GAMMON;PÇA, DR, JORGE 370;157;1120;55;RONALDO RAMOS CAIADO;2,80E+11;318;251;238;8
47635;LAVRAS;160;ESCOLA ESTADUAL TIRADENTES;RUA COMANDANTE NÉLIO, N, 07;269;1260;30;ROMEU ZEMA NETO;2,80E+11;389;305;287;1
47635;LAVRAS;160;E, M, PROFESSOR ÉDIO DO NASCIMENTO BIRINDIBA;ESTAÇÃO FERROVIÁRIA DO ITIRAPUAN;238;1244;95;VOTO BRANCO;-1;319;192;181;5
47635;LAVRAS;160;ESCOLA ESTADUAL CRISTIANO DE SOUZA;AV, DUQUE DA ROCHA 501;254;1155;70;AUGUSTO JORGE CURY;2,80E+11;390;301;274;7
47635;LAVRAS;160;COLEGIO TIRADENTES;COMANDANTE NELIO S/N;245;1171;22;FLAVIO NANTES BOLSONARO;2,80E+11;377;278;260;161
47635;LAVRAS;160;CAMPUS CARLOTA KEMPER;PRACA DR, AUGUSTO SILVA 616;91;1066;22;FLAVIO NANTES BOLSONARO;2,80E+11;344;239;228;131
47635;LAVRAS;160;COLEGIO TIRADENTES;COMANDANTE NELIO S/N;199;1171;22;FLAVIO NANTES BOLSONARO;2,80E+11;379;309;295;158
47635;LAVRAS;160;E, M, PROFESSOR ÉDIO DO NASCIMENTO BIRINDIBA;ESTAÇÃO FERROVIÁRIA DO ITIRAPUAN;238;1244;22;FLAVIO NANTES BOLSONARO;2,80E+11;319;192;181;122
47635;LAVRAS;160;ESCOLA MUNICIPAL OSCAR BOTELHO;RUA JOAQUIM CARLOS ALVARENGA 268;78;1074;29;RUI COSTA PIMENTA;2,80E+11;341;220;198;1
47635;LAVRAS;160;COLEGIO TIRADENTES;COMANDANTE NELIO S/N;69;1171;22;FLAVIO NANTES BOLSONARO;2,80E+11;382;283;269;150
47635;LAVRAS;160;INSTITUTO GAMMON;PÇA, DR, JORGE 370;190;1120;55;RONALDO RAMOS CAIADO;2,80E+11;319;261;243;7
47635;LAVRAS;160;E, M, PROFESSOR JOSE LUIZ DE MESQUITA;RUA CECILIA MEIRELES 101;206;1236;30;ROMEU ZEMA NETO;2,80E+11;372;279;247;4
47635;LAVRAS;160;ESCOLA MUNICIPAL UMBELINA AZEVEDO AVELLAR;AVENIDA ANISIO HADDAD, 10;286;1228;96;VOTO NULO;-1;158;137;116;15
47635;LAVRAS;160;ESCOLA MUNICIPAL PAULO MENICUCCI;RUA AGRIPINO AUGUSTO ANDRADE 425;154;1112;96;VOTO NULO;-1;286;219;189;18
47635;LAVRAS;160;COLEGIO NOSSA SENHORA DE LOURDES;PRAÇA MONSENHOR DOMINGOS PINHEIRO 162;51;1031;70;AUGUSTO JORGE CURY;2,80E+11;316;240;231;8
47635;LAVRAS;160;ESCOLA MUNICIPAL PADRE DEHON;AV, ANTONIO VAZ MONTEIRO, 338;107;1104;95;VOTO BRANCO;-1;379;296;274;9
47635;LAVRAS;160;CAIC - ESCOLA MUNICIPAL ITALIA CAUTIERO FRANCO;RUA RAIMUNDA MARQUES GUIMARAES S/N;218;1163;95;VOTO BRANCO;-1;371;292;270;3
47635;LAVRAS;160;ESCOLA MUNICIPAL DOUTORA DAMINA;RUA PEDRO MOURA 269;30;1015;14;RENAN ANTONIO FERREIRA DOS SANTOS;2,80E+11;337;246;230;9
47635;LAVRAS;160;CAIC - ESCOLA MUNICIPAL ITALIA CAUTIERO FRANCO;RUA RAIMUNDA MARQUES GUIMARAES S/N;102;1163;80;SAMARA MARTINS DA SILVA FEITOSA;2,80E+11;376;275;259;2
47635;LAVRAS;160;ESCOLA ESTADUAL JOAO BATISTA HERMETO;RUA JAIR FERREIRA 285;42;1023;13;LUIZ INÁCIO LULA DA SILVA;2,80E+11;387;282;260;101
47635;LAVRAS;160;CAMPUS CARLOTA KEMPER;PRACA DR, AUGUSTO SILVA 616;71;1066;55;RONALDO RAMOS CAIADO;2,80E+11;345;245;238;4
47635;LAVRAS;160;CAIC - ESCOLA MUNICIPAL ITALIA CAUTIERO FRANCO;RUA RAIMUNDA MARQUES GUIMARAES S/N;250;1163;30;ROMEU ZEMA NETO;2,80E+11;369;298;277;3
47635;LAVRAS;160;COLEGIO NOSSA SENHORA DE LOURDES;PRAÇA MONSENHOR DOMINGOS PINHEIRO 162;49;1031;13;LUIZ INÁCIO LULA DA SILVA;2,80E+11;315;233;226;95
47635;LAVRAS;160;ESCOLA MUNICIPAL PAULO LOURENCO MENICUCCI;RUA LUIZ CARLOS DE SOUZA 33;212;1210;55;RONALDO RAMOS CAIADO;2,80E+11;378;294;264;5
47635;LAVRAS;160;INSTITUTO GAMMON;PÇA, DR, JORGE 370;120;1120;95;VOTO BRANCO;-1;319;251;243;2
47635;LAVRAS;160;ESCOLA MUNICIPAL OSCAR BOTELHO;RUA JOAQUIM CARLOS ALVARENGA 268;76;1074;21;EDMILSON SILVA COSTA;2,80E+11;343;255;231;1
47635;LAVRAS;160;ESCOLA MUNICIPAL  ALVARO BOTELHO;PCA, DOUTOR JORGE 130;59;1040;55;RONALDO RAMOS CAIADO;2,80E+11;336;256;242;8
47635;LAVRAS;160;ESCOLA MUNICIPAL PAULO MENICUCCI;RUA AGRIPINO AUGUSTO ANDRADE 425;194;1112;55;RONALDO RAMOS CAIADO;2,80E+11;274;225;205;6
47635;LAVRAS;160;ESCOLA ESTADUAL FIRMINO COSTA;RUA BARBOSA LIMA 361;86;1082;55;RONALDO RAMOS CAIADO;2,80E+11;388;292;272;11
47635;LAVRAS;160;ESCOLA ESTADUAL FIRMINO COSTA;RUA BARBOSA LIMA 361;80;1082;95;VOTO BRANCO;-1;381;268;248;7
47635;LAVRAS;160;ESCOLA ESTADUAL CRISTIANO DE SOUZA;AV, DUQUE DA ROCHA 501;225;1155;55;RONALDO RAMOS CAIADO;2,80E+11;390;295;274;10
47635;LAVRAS;160;COLEGIO TIRADENTES;COMANDANTE NELIO S/N;68;1171;14;RENAN ANTONIO FERREIRA DOS SANTOS;2,80E+11;381;293;279;6
47635;LAVRAS;160;ESCOLA MUNICIPAL DOUTORA DAMINA;RUA PEDRO MOURA 269;33;1015;13;LUIZ INÁCIO LULA DA SILVA;2,80E+11;333;241;228;91
47635;LAVRAS;160;ESCOLA ESTADUAL FIRMINO COSTA;RUA BARBOSA LIMA 361;216;1082;13;LUIZ INÁCIO LULA DA SILVA;2,80E+11;385;286;277;100
47635;LAVRAS;160;COLEGIO TIRADENTES;COMANDANTE NELIO S/N;70;1171;70;AUGUSTO JORGE CURY;2,80E+11;382;296;279;13
47635;LAVRAS;160;ESCOLA ESTADUAL CINIRA DE CARVALHO;RUA AUGUSTO VIEIRA SILVA 440;230;1147;95;VOTO BRANCO;-1;392;305;275;12
47635;LAVRAS;160;ESCOLA MUNICIPAL JOSE SERAFIM;RUA HELIO LUCIO DO CARMO 10;227;1201;70;AUGUSTO JORGE CURY;2,80E+11;302;229;207;7
47635;LAVRAS;160;ESCOLA MUNICIPAL DOUTORA DAMINA;RUA PEDRO MOURA 269;185;1015;70;AUGUSTO JORGE CURY;2,80E+11;334;258;247;6
47635;LAVRAS;160;ESCOLA MUNICIPAL PAULO MENICUCCI;RUA AGRIPINO AUGUSTO ANDRADE 425;112;1112;13;LUIZ INÁCIO LULA DA SILVA;2,80E+11;272;190;170;81
47635;LAVRAS;160;ESCOLA MUNICIPAL UMBELINA AZEVEDO AVELLAR;AVENIDA ANISIO HADDAD, 10;274;1228;95;VOTO BRANCO;-1;380;288;266;9
47635;LAVRAS;160;ESCOLA ESTADUAL CRISTIANO DE SOUZA;AV, DUQUE DA ROCHA 501;280;1155;30;ROMEU ZEMA NETO;2,80E+11;386;293;267;2
47635;LAVRAS;160;COLEGIO NOSSA SENHORA DE LOURDES;PRAÇA MONSENHOR DOMINGOS PINHEIRO 162;49;1031;30;ROMEU ZEMA NETO;2,80E+11;315;233;226;3
47635;LAVRAS;160;COLEGIO TIRADENTES;COMANDANTE NELIO S/N;69;1171;95;VOTO BRANCO;-1;382;283;269;6
47635;LAVRAS;160;COLEGIO TIRADENTES;COMANDANTE NELIO S/N;223;1171;95;VOTO BRANCO;-1;378;297;281;7
47635;LAVRAS;160;ESCOLA ESTADUAL AZARIAS RIBEIRO;RUA  ORLANDINO PINTO RIBEIRO 254;63;1058;30;ROMEU ZEMA NETO;2,80E+11;350;252;239;2
47635;LAVRAS;160;COLEGIO NOSSA SENHORA DE LOURDES;PRAÇA MONSENHOR DOMINGOS PINHEIRO 162;48;1031;14;RENAN ANTONIO FERREIRA DOS SANTOS;2,80E+11;317;234;228;5
47635;LAVRAS;160;ESCOLA ESTADUAL JOAO BATISTA HERMETO;RUA JAIR FERREIRA 285;46;1023;30;ROMEU ZEMA NETO;2,80E+11;384;296;276;2
47635;LAVRAS;160;ESCOLA MUNICIPAL DOUTORA DAMINA;RUA PEDRO MOURA 269;30;1015;13;LUIZ INÁCIO LULA DA SILVA;2,80E+11;337;246;230;85
47635;LAVRAS;160;ESCOLA MUNICIPAL PAULO MENICUCCI;RUA AGRIPINO AUGUSTO ANDRADE 425;111;1112;30;ROMEU ZEMA NETO;2,80E+11;274;194;174;4
47635;LAVRAS;160;ESCOLA MUNICIPAL PAULO MENICUCCI;RUA AGRIPINO AUGUSTO ANDRADE 425;116;1112;30;ROMEU ZEMA NETO;2,80E+11;273;198;181;4
47635;LAVRAS;160;CAMPUS CARLOTA KEMPER;PRACA DR, AUGUSTO SILVA 616;96;1066;13;LUIZ INÁCIO LULA DA SILVA;2,80E+11;345;283;271;107
47635;LAVRAS;160;ESCOLA MUNICIPAL PAULO LOURENCO MENICUCCI;RUA LUIZ CARLOS DE SOUZA 33;276;1210;13;LUIZ INÁCIO LULA DA SILVA;2,80E+11;381;304;277;133
47635;LAVRAS;160;ESCOLA MUNICIPAL  ALVARO BOTELHO;PCA, DOUTOR JORGE 130;54;1040;30;ROMEU ZEMA NETO;2,80E+11;332;213;197;3
47635;LAVRAS;160;ESCOLA ESTADUAL CINIRA DE CARVALHO;RUA AUGUSTO VIEIRA SILVA 440;174;1147;30;ROMEU ZEMA NETO;2,80E+11;394;308;288;4
47635;LAVRAS;160;ESCOLA MUNICIPAL JOSE SERAFIM;RUA HELIO LUCIO DO CARMO 10;214;1201;70;AUGUSTO JORGE CURY;2,80E+11;303;236;198;4
47635;LAVRAS;160;ESCOLA MUNICIPAL OSCAR BOTELHO;RUA JOAQUIM CARLOS ALVARENGA 268;164;1074;70;AUGUSTO JORGE CURY;2,80E+11;343;271;251;7
47635;LAVRAS;160;ESCOLA ESTADUAL CINIRA DE CARVALHO;RUA AUGUSTO VIEIRA SILVA 440;166;1147;13;LUIZ INÁCIO LULA DA SILVA;2,80E+11;394;311;283;113
47635;LAVRAS;160;ESCOLA MUNICIPAL UMBELINA AZEVEDO AVELLAR;AVENIDA ANISIO HADDAD, 10;243;1228;95;VOTO BRANCO;-1;367;284;263;5
47635;LAVRAS;160;ESCOLA MUNICIPAL PAULO LOURENCO MENICUCCI;RUA LUIZ CARLOS DE SOUZA 33;257;1210;22;FLAVIO NANTES BOLSONARO;2,80E+11;383;302;277;134
47635;LAVRAS;160;ESCOLA ESTADUAL AZARIAS RIBEIRO;RUA  ORLANDINO PINTO RIBEIRO 254;62;1058;16;HERTZ DA CONCEICAO DIAS;2,80E+11;354;261;240;1
47635;LAVRAS;160;ESCOLA ESTADUAL JOAO BATISTA HERMETO;RUA JAIR FERREIRA 285;43;1023;55;RONALDO RAMOS CAIADO;2,80E+11;388;282;262;5
47635;LAVRAS;160;ESCOLA ESTADUAL CINIRA DE CARVALHO;RUA AUGUSTO VIEIRA SILVA 440;272;1147;13;LUIZ INÁCIO LULA DA SILVA;2,80E+11;394;296;269;100
47635;LAVRAS;160;ESCOLA ESTADUAL CINIRA DE CARVALHO;RUA AUGUSTO VIEIRA SILVA 440;184;1147;55;RONALDO RAMOS CAIADO;2,80E+11;393;303;280;11
47635;LAVRAS;160;COLEGIO TIRADENTES;COMANDANTE NELIO S/N;70;1171;13;LUIZ INÁCIO LULA DA SILVA;2,80E+11;382;296;279;94
47635;LAVRAS;160;ESCOLA MUNICIPAL PAULO MENICUCCI;RUA AGRIPINO AUGUSTO ANDRADE 425;116;1112;13;LUIZ INÁCIO LULA DA SILVA;2,80E+11;273;198;181;89
47635;LAVRAS;160;ESCOLA MUNICIPAL  ALVARO BOTELHO;PCA, DOUTOR JORGE 130;187;1040;13;LUIZ INÁCIO LULA DA SILVA;2,80E+11;331;244;228;99
47635;LAVRAS;160;ESCOLA ESTADUAL AZARIAS RIBEIRO;RUA  ORLANDINO PINTO RIBEIRO 254;67;1058;55;RONALDO RAMOS CAIADO;2,80E+11;352;266;243;5
47635;LAVRAS;160;ESCOLA MUNICIPAL UMBELINA AZEVEDO AVELLAR;AVENIDA ANISIO HADDAD, 10;243;1228;30;ROMEU ZEMA NETO;2,80E+11;367;284;263;3
47635;LAVRAS;160;ESCOLA MUNICIPAL PAULO MENICUCCI;RUA AGRIPINO AUGUSTO ANDRADE 425;114;1112;70;AUGUSTO JORGE CURY;2,80E+11;271;203;183;6
47635;LAVRAS;160;ESCOLA ESTADUAL JOAO BATISTA HERMETO;RUA JAIR FERREIRA 285;278;1023;96;VOTO NULO;-1;389;293;274;10
47635;LAVRAS;160;ESCOLA ESTADUAL CINIRA DE CARVALHO;RUA AUGUSTO VIEIRA SILVA 440;191;1147;96;VOTO NULO;-1;395;305;279;16
47635;LAVRAS;160;ESCOLA MUNICIPAL PADRE DEHON;AV, ANTONIO VAZ MONTEIRO, 338;106;1104;30;ROMEU ZEMA NETO;2,80E+11;379;283;263;3
47635;LAVRAS;160;INSTITUTO GAMMON;PÇA, DR, JORGE 370;157;1120;96;VOTO NULO;-1;318;251;238;5
47635;LAVRAS;160;COLEGIO TIRADENTES;COMANDANTE NELIO S/N;199;1171;96;VOTO NULO;-1;379;309;295;8
47635;LAVRAS;160;ESCOLA MUNICIPAL DOUTORA DAMINA;RUA PEDRO MOURA 269;32;1015;95;VOTO BRANCO;-1;333;254;245;2
47635;LAVRAS;160;ESCOLA ESTADUAL FIRMINO COSTA;RUA BARBOSA LIMA 361;82;1082;95;VOTO BRANCO;-1;392;278;262;4
47635;LAVRAS;160;ESCOLA MUNICIPAL FRANCISCO SALES;RUA SANTOS PENONI S/N;98;1090;95;VOTO BRANCO;-1;396;273;257;6
47635;LAVRAS;160;COLEGIO TIRADENTES;COMANDANTE NELIO S/N;189;1171;70;AUGUSTO JORGE CURY;2,80E+11;379;287;278;13
47635;LAVRAS;160;UNILAVRAS;RUA PADRE JOSE POGGEL 506;128;1139;95;VOTO BRANCO;-1;358;279;262;4
47635;LAVRAS;160;COLEGIO TIRADENTES;COMANDANTE NELIO S/N;208;1171;14;RENAN ANTONIO FERREIRA DOS SANTOS;2,80E+11;381;303;287;9
47635;LAVRAS;160;ESCOLA ESTADUAL CRISTIANO DE SOUZA;AV, DUQUE DA ROCHA 501;213;1155;95;VOTO BRANCO;-1;381;298;277;10
47635;LAVRAS;160;COLEGIO NOSSA SENHORA DE LOURDES;PRAÇA MONSENHOR DOMINGOS PINHEIRO 162;47;1031;13;LUIZ INÁCIO LULA DA SILVA;2,80E+11;315;235;223;87
47635;LAVRAS;160;ESCOLA ESTADUAL FIRMINO COSTA;RUA BARBOSA LIMA 361;83;1082;13;LUIZ INÁCIO LULA DA SILVA;2,80E+11;390;265;248;96
47635;LAVRAS;160;ESCOLA ESTADUAL CINIRA DE CARVALHO;RUA AUGUSTO VIEIRA SILVA 440;191;1147;13;LUIZ INÁCIO LULA DA SILVA;2,80E+11;395;305;279;118
47635;LAVRAS;160;CAIC - ESCOLA MUNICIPAL ITALIA CAUTIERO FRANCO;RUA RAIMUNDA MARQUES GUIMARAES S/N;159;1163;13;LUIZ INÁCIO LULA DA SILVA;2,80E+11;371;309;285;117
47635;LAVRAS;160;E, M, PROFESSOR JOSE LUIZ DE MESQUITA;RUA CECILIA MEIRELES 101;193;1236;95;VOTO BRANCO;-1;368;267;243;15
47635;LAVRAS;160;INSTITUTO GAMMON;PÇA, DR, JORGE 370;173;1120;95;VOTO BRANCO;-1;319;257;243;7
47635;LAVRAS;160;COLEGIO NOSSA SENHORA DE LOURDES;PRAÇA MONSENHOR DOMINGOS PINHEIRO 162;51;1031;95;VOTO BRANCO;-1;316;240;231;1
47635;LAVRAS;160;ESCOLA MUNICIPAL JOSE SERAFIM;RUA HELIO LUCIO DO CARMO 10;242;1201;30;ROMEU ZEMA NETO;2,80E+11;299;236;205;2
47635;LAVRAS;160;CAMPUS CARLOTA KEMPER;PRACA DR, AUGUSTO SILVA 616;95;1066;13;LUIZ INÁCIO LULA DA SILVA;2,80E+11;343;251;238;97
47635;LAVRAS;160;ESCOLA MUNICIPAL OSCAR BOTELHO;RUA JOAQUIM CARLOS ALVARENGA 268;77;1074;55;RONALDO RAMOS CAIADO;2,80E+11;341;247;222;5
47635;LAVRAS;160;ESCOLA ESTADUAL FIRMINO COSTA;RUA BARBOSA LIMA 361;90;1082;55;RONALDO RAMOS CAIADO;2,80E+11;388;283;269;8
47635;LAVRAS;160;ESCOLA ESTADUAL CRISTIANO DE SOUZA;AV, DUQUE DA ROCHA 501;197;1155;13;LUIZ INÁCIO LULA DA SILVA;2,80E+11;385;295;264;109
47635;LAVRAS;160;ESCOLA ESTADUAL CRISTIANO DE SOUZA;AV, DUQUE DA ROCHA 501;236;1155;55;RONALDO RAMOS CAIADO;2,80E+11;391;319;303;5
47635;LAVRAS;160;E, M, PROFESSOR ÉDIO DO NASCIMENTO BIRINDIBA;ESTAÇÃO FERROVIÁRIA DO ITIRAPUAN;285;1244;96;VOTO NULO;-1;114;92;86;4
47635;LAVRAS;160;ESCOLA MUNICIPAL DOUTORA DAMINA;RUA PEDRO MOURA 269;170;1015;96;VOTO NULO;-1;337;250;237;6
47635;LAVRAS;160;ESCOLA MUNICIPAL FRANCISCO SALES;RUA SANTOS PENONI S/N;100;1090;96;VOTO NULO;-1;399;284;264;16
47635;LAVRAS;160;INSTITUTO GAMMON;PÇA, DR, JORGE 370;125;1120;96;VOTO NULO;-1;319;246;237;5
47635;LAVRAS;160;ESCOLA MUNICIPAL  ALVARO BOTELHO;PCA, DOUTOR JORGE 130;54;1040;96;VOTO NULO;-1;332;213;197;12
47635;LAVRAS;160;ESCOLA ESTADUAL AZARIAS RIBEIRO;RUA  ORLANDINO PINTO RIBEIRO 254;270;1058;55;RONALDO RAMOS CAIADO;2,80E+11;353;273;254;2
47635;LAVRAS;160;COLEGIO TIRADENTES;COMANDANTE NELIO S/N;239;1171;55;RONALDO RAMOS CAIADO;2,80E+11;387;286;270;7
47635;LAVRAS;160;ESCOLA MUNICIPAL PAULO MENICUCCI;RUA AGRIPINO AUGUSTO ANDRADE 425;113;1112;96;VOTO NULO;-1;287;212;195;8
47635;LAVRAS;160;ESCOLA ESTADUAL FIRMINO COSTA;RUA BARBOSA LIMA 361;192;1082;96;VOTO NULO;-1;389;297;280;10
47635;LAVRAS;160;ESCOLA MUNICIPAL PAULO LOURENCO MENICUCCI;RUA LUIZ CARLOS DE SOUZA 33;257;1210;27;CLARIANA ZACARKIM BARAO;2,80E+11;383;302;277;1
47635;LAVRAS;160;ESCOLA ESTADUAL AZARIAS RIBEIRO;RUA  ORLANDINO PINTO RIBEIRO 254;270;1058;14;RENAN ANTONIO FERREIRA DOS SANTOS;2,80E+11;353;273;254;4
47635;LAVRAS;160;UNILAVRAS;RUA PADRE JOSE POGGEL 506;282;1139;55;RONALDO RAMOS CAIADO;2,80E+11;360;286;275;4
47635;LAVRAS;160;ESCOLA ESTADUAL CINIRA DE CARVALHO;RUA AUGUSTO VIEIRA SILVA 440;230;1147;30;ROMEU ZEMA NETO;2,80E+11;392;305;275;4
47635;LAVRAS;160;ESCOLA MUNICIPAL FRANCISCO SALES;RUA SANTOS PENONI S/N;99;1090;95;VOTO BRANCO;-1;397;288;259;13
47635;LAVRAS;160;UNILAVRAS;RUA PADRE JOSE POGGEL 506;259;1139;95;VOTO BRANCO;-1;358;284;274;3
47635;LAVRAS;160;ESCOLA ESTADUAL JOAO BATISTA HERMETO;RUA JAIR FERREIRA 285;40;1023;96;VOTO NULO;-1;389;299;279;15
47635;LAVRAS;160;CAMPUS CARLOTA KEMPER;PRACA DR, AUGUSTO SILVA 616;71;1066;80;SAMARA MARTINS DA SILVA FEITOSA;2,80E+11;345;245;238;1
47635;LAVRAS;160;INSTITUTO GAMMON;PÇA, DR, JORGE 370;126;1120;80;SAMARA MARTINS DA SILVA FEITOSA;2,80E+11;315;251;242;2
47635;LAVRAS;160;ESCOLA ESTADUAL CRISTIANO DE SOUZA;AV, DUQUE DA ROCHA 501;275;1155;96;VOTO NULO;-1;394;322;298;14
47635;LAVRAS;160;CAMPUS CARLOTA KEMPER;PRACA DR, AUGUSTO SILVA 616;94;1066;96;VOTO NULO;-1;342;246;239;5
47635;LAVRAS;160;INSTITUTO GAMMON;PÇA, DR, JORGE 370;119;1120;14;RENAN ANTONIO FERREIRA DOS SANTOS;2,80E+11;322;239;229;8
47635;LAVRAS;160;ESCOLA MUNICIPAL PAULO MENICUCCI;RUA AGRIPINO AUGUSTO ANDRADE 425;113;1112;14;RENAN ANTONIO FERREIRA DOS SANTOS;2,80E+11;287;212;195;2
47635;LAVRAS;160;ESCOLA MUNICIPAL UMBELINA AZEVEDO AVELLAR;AVENIDA ANISIO HADDAD, 10;274;1228;14;RENAN ANTONIO FERREIRA DOS SANTOS;2,80E+11;380;288;266;10
47635;LAVRAS;160;ESCOLA ESTADUAL TIRADENTES;RUA COMANDANTE NÉLIO, N, 07;284;1260;16;HERTZ DA CONCEICAO DIAS;2,80E+11;389;317;301;1
47635;LAVRAS;160;INSTITUTO GAMMON;PÇA, DR, JORGE 370;120;1120;22;FLAVIO NANTES BOLSONARO;2,80E+11;319;251;243;140
47635;LAVRAS;160;ESCOLA MUNICIPAL OSCAR BOTELHO;RUA JOAQUIM CARLOS ALVARENGA 268;79;1074;95;VOTO BRANCO;-1;343;282;248;22
47635;LAVRAS;160;ESCOLA ESTADUAL CINIRA DE CARVALHO;RUA AUGUSTO VIEIRA SILVA 440;207;1147;22;FLAVIO NANTES BOLSONARO;2,80E+11;388;309;282;160
47635;LAVRAS;160;ESCOLA ESTADUAL CINIRA DE CARVALHO;RUA AUGUSTO VIEIRA SILVA 440;264;1147;22;FLAVIO NANTES BOLSONARO;2,80E+11;389;308;287;148
47635;LAVRAS;160;CAIC - ESCOLA MUNICIPAL ITALIA CAUTIERO FRANCO;RUA RAIMUNDA MARQUES GUIMARAES S/N;202;1163;95;VOTO BRANCO;-1;371;305;286;6
47635;LAVRAS;160;ESCOLA ESTADUAL CRISTIANO DE SOUZA;AV, DUQUE DA ROCHA 501;275;1155;22;FLAVIO NANTES BOLSONARO;2,80E+11;394;322;298;129
47635;LAVRAS;160;ESCOLA MUNICIPAL DOUTORA DAMINA;RUA PEDRO MOURA 269;31;1015;22;FLAVIO NANTES BOLSONARO;2,80E+11;341;255;242;133
47635;LAVRAS;160;ESCOLA ESTADUAL FIRMINO COSTA;RUA BARBOSA LIMA 361;83;1082;22;FLAVIO NANTES BOLSONARO;2,80E+11;390;265;248;126
47635;LAVRAS;160;ESCOLA ESTADUAL FIRMINO COSTA;RUA BARBOSA LIMA 361;89;1082;95;VOTO BRANCO;-1;391;284;271;6
47635;LAVRAS;160;INSTITUTO GAMMON;PÇA, DR, JORGE 370;117;1120;95;VOTO BRANCO;-1;321;226;214;1
47635;LAVRAS;160;ESCOLA ESTADUAL CRISTIANO DE SOUZA;AV, DUQUE DA ROCHA 501;275;1155;70;AUGUSTO JORGE CURY;2,80E+11;394;322;298;13
47635;LAVRAS;160;ESCOLA MUNICIPAL PAULO MENICUCCI;RUA AGRIPINO AUGUSTO ANDRADE 425;108;1112;95;VOTO BRANCO;-1;289;197;178;4
47635;LAVRAS;160;ESCOLA MUNICIPAL UMBELINA AZEVEDO AVELLAR;AVENIDA ANISIO HADDAD, 10;274;1228;70;AUGUSTO JORGE CURY;2,80E+11;380;288;266;8
47635;LAVRAS;160;ESCOLA MUNICIPAL PADRE DEHON;AV, ANTONIO VAZ MONTEIRO, 338;106;1104;13;LUIZ INÁCIO LULA DA SILVA;2,80E+11;379;283;263;91
47635;LAVRAS;160;CAIC - ESCOLA MUNICIPAL ITALIA CAUTIERO FRANCO;RUA RAIMUNDA MARQUES GUIMARAES S/N;103;1163;30;ROMEU ZEMA NETO;2,80E+11;371;268;249;5
47635;LAVRAS;160;ESCOLA MUNICIPAL FRANCISCO SALES;RUA SANTOS PENONI S/N;101;1090;30;ROMEU ZEMA NETO;2,80E+11;396;295;269;4
47635;LAVRAS;160;ESCOLA ESTADUAL FIRMINO COSTA;RUA BARBOSA LIMA 361;82;1082;14;RENAN ANTONIO FERREIRA DOS SANTOS;2,80E+11;392;278;262;5
47635;LAVRAS;160;ESCOLA MUNICIPAL PADRE DEHON;AV, ANTONIO VAZ MONTEIRO, 338;262;1104;14;RENAN ANTONIO FERREIRA DOS SANTOS;2,80E+11;379;299;285;9
47635;LAVRAS;160;ESCOLA MUNICIPAL  ALVARO BOTELHO;PCA, DOUTOR JORGE 130;55;1040;14;RENAN ANTONIO FERREIRA DOS SANTOS;2,80E+11;328;231;219;5
47635;LAVRAS;160;ESCOLA MUNICIPAL JOSE SERAFIM;RUA HELIO LUCIO DO CARMO 10;214;1201;95;VOTO BRANCO;-1;303;236;198;16
47635;LAVRAS;160;ESCOLA ESTADUAL JOAO BATISTA HERMETO;RUA JAIR FERREIRA 285;43;1023;30;ROMEU ZEMA NETO;2,80E+11;388;282;262;2
47635;LAVRAS;160;INSTITUTO GAMMON;PÇA, DR, JORGE 370;123;1120;96;VOTO NULO;-1;317;239;228;7
47635;LAVRAS;160;ESCOLA ESTADUAL CRISTIANO DE SOUZA;AV, DUQUE DA ROCHA 501;236;1155;96;VOTO NULO;-1;391;319;303;9
47635;LAVRAS;160;ESCOLA ESTADUAL FIRMINO COSTA;RUA BARBOSA LIMA 361;237;1082;96;VOTO NULO;-1;386;297;278;14
47635;LAVRAS;160;ESCOLA ESTADUAL TIRADENTES;RUA COMANDANTE NÉLIO, N, 07;277;1260;14;RENAN ANTONIO FERREIRA DOS SANTOS;2,80E+11;394;312;299;13
47635;LAVRAS;160;ESCOLA MUNICIPAL PAULO MENICUCCI;RUA AGRIPINO AUGUSTO ANDRADE 425;116;1112;14;RENAN ANTONIO FERREIRA DOS SANTOS;2,80E+11;273;198;181;2
47635;LAVRAS;160;ESCOLA ESTADUAL CINIRA DE CARVALHO;RUA AUGUSTO VIEIRA SILVA 440;184;1147;13;LUIZ INÁCIO LULA DA SILVA;2,80E+11;393;303;280;122
47635;LAVRAS;160;ESCOLA MUNICIPAL UMBELINA AZEVEDO AVELLAR;AVENIDA ANISIO HADDAD, 10;286;1228;14;RENAN ANTONIO FERREIRA DOS SANTOS;2,80E+11;158;137;116;6
47635;LAVRAS;160;ESCOLA ESTADUAL FIRMINO COSTA;RUA BARBOSA LIMA 361;84;1082;30;ROMEU ZEMA NETO;2,80E+11;389;276;266;5
47635;LAVRAS;160;ESCOLA ESTADUAL CINIRA DE CARVALHO;RUA AUGUSTO VIEIRA SILVA 440;220;1147;13;LUIZ INÁCIO LULA DA SILVA;2,80E+11;395;306;276;123
47635;LAVRAS;160;ESCOLA MUNICIPAL UMBELINA AZEVEDO AVELLAR;AVENIDA ANISIO HADDAD, 10;286;1228;13;LUIZ INÁCIO LULA DA SILVA;2,80E+11;158;137;116;51
47635;LAVRAS;160;ESCOLA MUNICIPAL JOSE SERAFIM;RUA HELIO LUCIO DO CARMO 10;214;1201;96;VOTO NULO;-1;303;236;198;22
47635;LAVRAS;160;CAMPUS CARLOTA KEMPER;PRACA DR, AUGUSTO SILVA 616;92;1066;96;VOTO NULO;-1;345;255;243;7
47635;LAVRAS;160;ESCOLA MUNICIPAL DOUTORA DAMINA;RUA PEDRO MOURA 269;36;1015;96;VOTO NULO;-1;336;255;244;4
47635;LAVRAS;160;ESCOLA ESTADUAL JOAO BATISTA HERMETO;RUA JAIR FERREIRA 285;39;1023;55;RONALDO RAMOS CAIADO;2,80E+11;393;300;276;7
47635;LAVRAS;160;ESCOLA MUNICIPAL PAULO MENICUCCI;RUA AGRIPINO AUGUSTO ANDRADE 425;110;1112;14;RENAN ANTONIO FERREIRA DOS SANTOS;2,80E+11;286;195;171;2
47635;LAVRAS;160;ESCOLA MUNICIPAL DOUTORA DAMINA;RUA PEDRO MOURA 269;35;1015;22;FLAVIO NANTES BOLSONARO;2,80E+11;330;245;228;125
47635;LAVRAS;160;ESCOLA MUNICIPAL PAULO MENICUCCI;RUA AGRIPINO AUGUSTO ANDRADE 425;115;1112;14;RENAN ANTONIO FERREIRA DOS SANTOS;2,80E+11;269;197;175;3
47635;LAVRAS;160;CAMPUS CARLOTA KEMPER;PRACA DR, AUGUSTO SILVA 616;94;1066;14;RENAN ANTONIO FERREIRA DOS SANTOS;2,80E+11;342;246;239;8
47635;LAVRAS;160;ESCOLA MUNICIPAL OSCAR BOTELHO;RUA JOAQUIM CARLOS ALVARENGA 268;263;1074;22;FLAVIO NANTES BOLSONARO;2,80E+11;340;255;224;106
47635;LAVRAS;160;ESCOLA MUNICIPAL JOSE SERAFIM;RUA HELIO LUCIO DO CARMO 10;273;1201;22;FLAVIO NANTES BOLSONARO;2,80E+11;306;224;188;72
47635;LAVRAS;160;ESCOLA MUNICIPAL  ALVARO BOTELHO;PCA, DOUTOR JORGE 130;187;1040;95;VOTO BRANCO;-1;331;244;228;8
47635;LAVRAS;160;ESCOLA ESTADUAL JOAO BATISTA HERMETO;RUA JAIR FERREIRA 285;271;1023;95;VOTO BRANCO;-1;383;281;262;7
47635;LAVRAS;160;CAMPUS CARLOTA KEMPER;PRACA DR, AUGUSTO SILVA 616;72;1066;14;RENAN ANTONIO FERREIRA DOS SANTOS;2,80E+11;345;244;232;8
47635;LAVRAS;160;E, M, PROFESSOR JOSE LUIZ DE MESQUITA;RUA CECILIA MEIRELES 101;193;1236;14;RENAN ANTONIO FERREIRA DOS SANTOS;2,80E+11;368;267;243;2
47635;LAVRAS;160;CAMPUS CARLOTA KEMPER;PRACA DR, AUGUSTO SILVA 616;93;1066;95;VOTO BRANCO;-1;346;243;233;4
47635;LAVRAS;160;CAIC - ESCOLA MUNICIPAL ITALIA CAUTIERO FRANCO;RUA RAIMUNDA MARQUES GUIMARAES S/N;180;1163;95;VOTO BRANCO;-1;367;307;278;14
47635;LAVRAS;160;ESCOLA ESTADUAL CINIRA DE CARVALHO;RUA AUGUSTO VIEIRA SILVA 440;166;1147;70;AUGUSTO JORGE CURY;2,80E+11;394;311;283;13
47635;LAVRAS;160;E, M, PROFESSOR JOSE LUIZ DE MESQUITA;RUA CECILIA MEIRELES 101;283;1236;14;RENAN ANTONIO FERREIRA DOS SANTOS;2,80E+11;369;268;241;10
47635;LAVRAS;160;UNILAVRAS;RUA PADRE JOSE POGGEL 506;127;1139;13;LUIZ INÁCIO LULA DA SILVA;2,80E+11;357;256;241;86
47635;LAVRAS;160;INSTITUTO GAMMON;PÇA, DR, JORGE 370;121;1120;13;LUIZ INÁCIO LULA DA SILVA;2,80E+11;319;251;234;87
47635;LAVRAS;160;COLEGIO NOSSA SENHORA DE LOURDES;PRAÇA MONSENHOR DOMINGOS PINHEIRO 162;151;1031;14;RENAN ANTONIO FERREIRA DOS SANTOS;2,80E+11;317;249;233;7
47635;LAVRAS;160;E, M, PROFESSOR JOSE LUIZ DE MESQUITA;RUA CECILIA MEIRELES 101;283;1236;30;ROMEU ZEMA NETO;2,80E+11;369;268;241;1
47635;LAVRAS;160;ESCOLA ESTADUAL FIRMINO COSTA;RUA BARBOSA LIMA 361;84;1082;95;VOTO BRANCO;-1;389;276;266;4
47635;LAVRAS;160;ESCOLA MUNICIPAL  ALVARO BOTELHO;PCA, DOUTOR JORGE 130;55;1040;70;AUGUSTO JORGE CURY;2,80E+11;328;231;219;10
47635;LAVRAS;160;ESCOLA MUNICIPAL FRANCISCO SALES;RUA SANTOS PENONI S/N;99;1090;16;HERTZ DA CONCEICAO DIAS;2,80E+11;397;288;259;1
47635;LAVRAS;160;ESCOLA MUNICIPAL OSCAR BOTELHO;RUA JOAQUIM CARLOS ALVARENGA 268;74;1074;13;LUIZ INÁCIO LULA DA SILVA;2,80E+11;341;245;207;122
47635;LAVRAS;160;ESCOLA ESTADUAL CINIRA DE CARVALHO;RUA AUGUSTO VIEIRA SILVA 440;249;1147;22;FLAVIO NANTES BOLSONARO;2,80E+11;395;296;275;161
47635;LAVRAS;160;ESCOLA ESTADUAL JOAO BATISTA HERMETO;RUA JAIR FERREIRA 285;42;1023;22;FLAVIO NANTES BOLSONARO;2,80E+11;387;282;260;138
47635;LAVRAS;160;CAMPUS CARLOTA KEMPER;PRACA DR, AUGUSTO SILVA 616;72;1066;22;FLAVIO NANTES BOLSONARO;2,80E+11;345;244;232;134
47635;LAVRAS;160;ESCOLA ESTADUAL TIRADENTES;RUA COMANDANTE NÉLIO, N, 07;269;1260;14;RENAN ANTONIO FERREIRA DOS SANTOS;2,80E+11;389;305;287;10
47635;LAVRAS;160;COLEGIO TIRADENTES;COMANDANTE NELIO S/N;189;1171;14;RENAN ANTONIO FERREIRA DOS SANTOS;2,80E+11;379;287;278;9
47635;LAVRAS;160;ESCOLA ESTADUAL FIRMINO COSTA;RUA BARBOSA LIMA 361;86;1082;30;ROMEU ZEMA NETO;2,80E+11;388;292;272;3
47635;LAVRAS;160;INSTITUTO GAMMON;PÇA, DR, JORGE 370;122;1120;14;RENAN ANTONIO FERREIRA DOS SANTOS;2,80E+11;318;241;230;6
47635;LAVRAS;160;ESCOLA MUNICIPAL  ALVARO BOTELHO;PCA, DOUTOR JORGE 130;54;1040;55;RONALDO RAMOS CAIADO;2,80E+11;332;213;197;4
47635;LAVRAS;160;ESCOLA MUNICIPAL DOUTORA DAMINA;RUA PEDRO MOURA 269;32;1015;55;RONALDO RAMOS CAIADO;2,80E+11;333;254;245;4
47635;LAVRAS;160;ESCOLA ESTADUAL CRISTIANO DE SOUZA;AV, DUQUE DA ROCHA 501;254;1155;96;VOTO NULO;-1;390;301;274;19
47635;LAVRAS;160;CAMPUS CARLOTA KEMPER;PRACA DR, AUGUSTO SILVA 616;95;1066;96;VOTO NULO;-1;343;251;238;8
47635;LAVRAS;160;ESCOLA MUNICIPAL FRANCISCO SALES;RUA SANTOS PENONI S/N;97;1090;55;RONALDO RAMOS CAIADO;2,80E+11;401;286;263;7
47635;LAVRAS;160;CAMPUS CARLOTA KEMPER;PRACA DR, AUGUSTO SILVA 616;253;1066;55;RONALDO RAMOS CAIADO;2,80E+11;344;268;262;7
47635;LAVRAS;160;ESCOLA MUNICIPAL JOSE SERAFIM;RUA HELIO LUCIO DO CARMO 10;242;1201;80;SAMARA MARTINS DA SILVA FEITOSA;2,80E+11;299;236;205;1
47635;LAVRAS;160;COLEGIO NOSSA SENHORA DE LOURDES;PRAÇA MONSENHOR DOMINGOS PINHEIRO 162;172;1031;70;AUGUSTO JORGE CURY;2,80E+11;314;253;244;7
47635;LAVRAS;160;ESCOLA ESTADUAL CRISTIANO DE SOUZA;AV, DUQUE DA ROCHA 501;280;1155;55;RONALDO RAMOS CAIADO;2,80E+11;386;293;267;4
47635;LAVRAS;160;ESCOLA MUNICIPAL OSCAR BOTELHO;RUA JOAQUIM CARLOS ALVARENGA 268;79;1074;80;SAMARA MARTINS DA SILVA FEITOSA;2,80E+11;343;282;248;1
47635;LAVRAS;160;ESCOLA ESTADUAL FIRMINO COSTA;RUA BARBOSA LIMA 361;192;1082;13;LUIZ INÁCIO LULA DA SILVA;2,80E+11;389;297;280;97
47635;LAVRAS;160;ESCOLA ESTADUAL AZARIAS RIBEIRO;RUA  ORLANDINO PINTO RIBEIRO 254;61;1058;22;FLAVIO NANTES BOLSONARO;2,80E+11;354;245;229;110
47635;LAVRAS;160;ESCOLA ESTADUAL JOAO BATISTA HERMETO;RUA JAIR FERREIRA 285;44;1023;70;AUGUSTO JORGE CURY;2,80E+11;389;286;262;7
47635;LAVRAS;160;ESCOLA ESTADUAL JOAO BATISTA HERMETO;RUA JAIR FERREIRA 285;271;1023;70;AUGUSTO JORGE CURY;2,80E+11;383;281;262;14
47635;LAVRAS;160;ESCOLA ESTADUAL CINIRA DE CARVALHO;RUA AUGUSTO VIEIRA SILVA 440;200;1147;13;LUIZ INÁCIO LULA DA SILVA;2,80E+11;395;305;278;98
47635;LAVRAS;160;CAMPUS CARLOTA KEMPER;PRACA DR, AUGUSTO SILVA 616;92;1066;70;AUGUSTO JORGE CURY;2,80E+11;345;255;243;11
47635;LAVRAS;160;ESCOLA ESTADUAL CINIRA DE CARVALHO;RUA AUGUSTO VIEIRA SILVA 440;191;1147;95;VOTO BRANCO;-1;395;305;279;10
47635;LAVRAS;160;UNILAVRAS;RUA PADRE JOSE POGGEL 506;149;1139;30;ROMEU ZEMA NETO;2,80E+11;358;293;282;6
47635;LAVRAS;160;COLEGIO TIRADENTES;COMANDANTE NELIO S/N;245;1171;30;ROMEU ZEMA NETO;2,80E+11;377;278;260;3
47635;LAVRAS;160;CAIC - ESCOLA MUNICIPAL ITALIA CAUTIERO FRANCO;RUA RAIMUNDA MARQUES GUIMARAES S/N;202;1163;30;ROMEU ZEMA NETO;2,80E+11;371;305;286;3
47635;LAVRAS;160;CAIC - ESCOLA MUNICIPAL ITALIA CAUTIERO FRANCO;RUA RAIMUNDA MARQUES GUIMARAES S/N;102;1163;30;ROMEU ZEMA NETO;2,80E+11;376;275;259;1
47635;LAVRAS;160;ESCOLA ESTADUAL CRISTIANO DE SOUZA;AV, DUQUE DA ROCHA 501;179;1155;30;ROMEU ZEMA NETO;2,80E+11;387;311;275;6
47635;LAVRAS;160;ESCOLA ESTADUAL AZARIAS RIBEIRO;RUA  ORLANDINO PINTO RIBEIRO 254;198;1058;16;HERTZ DA CONCEICAO DIAS;2,80E+11;343;268;253;1
47635;LAVRAS;160;UNILAVRAS;RUA PADRE JOSE POGGEL 506;282;1139;22;FLAVIO NANTES BOLSONARO;2,80E+11;360;286;275;144
47635;LAVRAS;160;ESCOLA ESTADUAL CINIRA DE CARVALHO;RUA AUGUSTO VIEIRA SILVA 440;230;1147;22;FLAVIO NANTES BOLSONARO;2,80E+11;392;305;275;147
47635;LAVRAS;160;ESCOLA ESTADUAL AZARIAS RIBEIRO;RUA  ORLANDINO PINTO RIBEIRO 254;67;1058;22;FLAVIO NANTES BOLSONARO;2,80E+11;352;266;243;133
47635;LAVRAS;160;ESCOLA ESTADUAL CRISTIANO DE SOUZA;AV, DUQUE DA ROCHA 501;179;1155;22;FLAVIO NANTES BOLSONARO;2,80E+11;387;311;275;116
47635;LAVRAS;160;COLEGIO TIRADENTES;COMANDANTE NELIO S/N;239;1171;22;FLAVIO NANTES BOLSONARO;2,80E+11;387;286;270;163
47635;LAVRAS;160;ESCOLA MUNICIPAL OSCAR BOTELHO;RUA JOAQUIM CARLOS ALVARENGA 268;164;1074;13;LUIZ INÁCIO LULA DA SILVA;2,80E+11;343;271;251;128
47635;LAVRAS;160;ESCOLA ESTADUAL CINIRA DE CARVALHO;RUA AUGUSTO VIEIRA SILVA 440;184;1147;22;FLAVIO NANTES BOLSONARO;2,80E+11;393;303;280;134
47635;LAVRAS;160;ESCOLA ESTADUAL JOAO BATISTA HERMETO;RUA JAIR FERREIRA 285;271;1023;30;ROMEU ZEMA NETO;2,80E+11;383;281;262;2
47635;LAVRAS;160;ESCOLA MUNICIPAL DOUTORA DAMINA;RUA PEDRO MOURA 269;210;1015;30;ROMEU ZEMA NETO;2,80E+11;331;259;239;3
47635;LAVRAS;160;COLEGIO TIRADENTES;COMANDANTE NELIO S/N;189;1171;96;VOTO NULO;-1;379;287;278;7
47635;LAVRAS;160;E, M, PROFESSOR JOSE LUIZ DE MESQUITA;RUA CECILIA MEIRELES 101;232;1236;96;VOTO NULO;-1;368;284;259;18
47635;LAVRAS;160;ESCOLA ESTADUAL TIRADENTES;RUA COMANDANTE NÉLIO, N, 07;284;1260;96;VOTO NULO;-1;389;317;301;6
47635;LAVRAS;160;INSTITUTO GAMMON;PÇA, DR, JORGE 370;123;1120;55;RONALDO RAMOS CAIADO;2,80E+11;317;239;228;4
47635;LAVRAS;160;UNILAVRAS;RUA PADRE JOSE POGGEL 506;176;1139;30;ROMEU ZEMA NETO;2,80E+11;355;281;274;2
47635;LAVRAS;160;ESCOLA ESTADUAL JOAO BATISTA HERMETO;RUA JAIR FERREIRA 285;46;1023;80;SAMARA MARTINS DA SILVA FEITOSA;2,80E+11;384;296;276;1
47635;LAVRAS;160;COLEGIO TIRADENTES;COMANDANTE NELIO S/N;223;1171;13;LUIZ INÁCIO LULA DA SILVA;2,80E+11;378;297;281;85
47635;LAVRAS;160;ESCOLA MUNICIPAL JOSE SERAFIM;RUA HELIO LUCIO DO CARMO 10;214;1201;13;LUIZ INÁCIO LULA DA SILVA;2,80E+11;303;236;198;116
47635;LAVRAS;160;COLEGIO NOSSA SENHORA DE LOURDES;PRAÇA MONSENHOR DOMINGOS PINHEIRO 162;196;1031;30;ROMEU ZEMA NETO;2,80E+11;310;247;233;1
47635;LAVRAS;160;ESCOLA ESTADUAL JOAO BATISTA HERMETO;RUA JAIR FERREIRA 285;42;1023;70;AUGUSTO JORGE CURY;2,80E+11;387;282;260;7
47635;LAVRAS;160;ESCOLA ESTADUAL AZARIAS RIBEIRO;RUA  ORLANDINO PINTO RIBEIRO 254;65;1058;70;AUGUSTO JORGE CURY;2,80E+11;349;268;250;4
47635;LAVRAS;160;E, M, PROFESSOR JOSE LUIZ DE MESQUITA;RUA CECILIA MEIRELES 101;252;1236;55;RONALDO RAMOS CAIADO;2,80E+11;372;279;258;9
47635;LAVRAS;160;CAIC - ESCOLA MUNICIPAL ITALIA CAUTIERO FRANCO;RUA RAIMUNDA MARQUES GUIMARAES S/N;202;1163;22;FLAVIO NANTES BOLSONARO;2,80E+11;371;305;286;144
47635;LAVRAS;160;ESCOLA ESTADUAL AZARIAS RIBEIRO;RUA  ORLANDINO PINTO RIBEIRO 254;66;1058;21;EDMILSON SILVA COSTA;2,80E+11;355;268;252;1
47635;LAVRAS;160;COLEGIO TIRADENTES;COMANDANTE NELIO S/N;215;1171;95;VOTO BRANCO;-1;380;302;289;5
47635;LAVRAS;160;ESCOLA ESTADUAL FIRMINO COSTA;RUA BARBOSA LIMA 361;86;1082;21;EDMILSON SILVA COSTA;2,80E+11;388;292;272;1
47635;LAVRAS;160;ESCOLA ESTADUAL AZARIAS RIBEIRO;RUA  ORLANDINO PINTO RIBEIRO 254;270;1058;30;ROMEU ZEMA NETO;2,80E+11;353;273;254;1
47635;LAVRAS;160;ESCOLA MUNICIPAL UMBELINA AZEVEDO AVELLAR;AVENIDA ANISIO HADDAD, 10;243;1228;80;SAMARA MARTINS DA SILVA FEITOSA;2,80E+11;367;284;263;1
47635;LAVRAS;160;ESCOLA MUNICIPAL PAULO MENICUCCI;RUA AGRIPINO AUGUSTO ANDRADE 425;115;1112;13;LUIZ INÁCIO LULA DA SILVA;2,80E+11;269;197;175;70
47635;LAVRAS;160;CAMPUS CARLOTA KEMPER;PRACA DR, AUGUSTO SILVA 616;253;1066;30;ROMEU ZEMA NETO;2,80E+11;344;268;262;2
47635;LAVRAS;160;ESCOLA MUNICIPAL OSCAR BOTELHO;RUA JOAQUIM CARLOS ALVARENGA 268;75;1074;70;AUGUSTO JORGE CURY;2,80E+11;343;241;214;8
47635;LAVRAS;160;COLEGIO TIRADENTES;COMANDANTE NELIO S/N;231;1171;14;RENAN ANTONIO FERREIRA DOS SANTOS;2,80E+11;374;294;275;12
47635;LAVRAS;160;ESCOLA MUNICIPAL OSCAR BOTELHO;RUA JOAQUIM CARLOS ALVARENGA 268;188;1074;70;AUGUSTO JORGE CURY;2,80E+11;344;271;244;7
47635;LAVRAS;160;ESCOLA MUNICIPAL PAULO MENICUCCI;RUA AGRIPINO AUGUSTO ANDRADE 425;110;1112;95;VOTO BRANCO;-1;286;195;171;9
47635;LAVRAS;160;ESCOLA ESTADUAL AZARIAS RIBEIRO;RUA  ORLANDINO PINTO RIBEIRO 254;67;1058;13;LUIZ INÁCIO LULA DA SILVA;2,80E+11;352;266;243;91
47635;LAVRAS;160;ESCOLA MUNICIPAL OSCAR BOTELHO;RUA JOAQUIM CARLOS ALVARENGA 268;74;1074;14;RENAN ANTONIO FERREIRA DOS SANTOS;2,80E+11;341;245;207;6
47635;LAVRAS;160;ESCOLA MUNICIPAL FRANCISCO SALES;RUA SANTOS PENONI S/N;97;1090;95;VOTO BRANCO;-1;401;286;263;13
47635;LAVRAS;160;ESCOLA ESTADUAL FIRMINO COSTA;RUA BARBOSA LIMA 361;85;1082;95;VOTO BRANCO;-1;389;279;263;6
47635;LAVRAS;160;CAIC - ESCOLA MUNICIPAL ITALIA CAUTIERO FRANCO;RUA RAIMUNDA MARQUES GUIMARAES S/N;202;1163;13;LUIZ INÁCIO LULA DA SILVA;2,80E+11;371;305;286;107
47635;LAVRAS;160;ESCOLA ESTADUAL FIRMINO COSTA;RUA BARBOSA LIMA 361;85;1082;70;AUGUSTO JORGE CURY;2,80E+11;389;279;263;9
47635;LAVRAS;160;UNILAVRAS;RUA PADRE JOSE POGGEL 506;226;1139;13;LUIZ INÁCIO LULA DA SILVA;2,80E+11;355;268;262;92
47635;LAVRAS;160;UNILAVRAS;RUA PADRE JOSE POGGEL 506;149;1139;95;VOTO BRANCO;-1;358;293;282;2
47635;LAVRAS;160;COLEGIO NOSSA SENHORA DE LOURDES;PRAÇA MONSENHOR DOMINGOS PINHEIRO 162;196;1031;13;LUIZ INÁCIO LULA DA SILVA;2,80E+11;310;247;233;78
47635;LAVRAS;160;ESCOLA ESTADUAL CINIRA DE CARVALHO;RUA AUGUSTO VIEIRA SILVA 440;174;1147;13;LUIZ INÁCIO LULA DA SILVA;2,80E+11;394;308;288;114
47635;LAVRAS;160;ESCOLA MUNICIPAL  ALVARO BOTELHO;PCA, DOUTOR JORGE 130;57;1040;30;ROMEU ZEMA NETO;2,80E+11;338;251;235;3
47635;LAVRAS;160;ESCOLA ESTADUAL CINIRA DE CARVALHO;RUA AUGUSTO VIEIRA SILVA 440;178;1147;13;LUIZ INÁCIO LULA DA SILVA;2,80E+11;397;317;292;103
47635;LAVRAS;160;COLEGIO TIRADENTES;COMANDANTE NELIO S/N;68;1171;70;AUGUSTO JORGE CURY;2,80E+11;381;293;279;10
47635;LAVRAS;160;ESCOLA ESTADUAL FIRMINO COSTA;RUA BARBOSA LIMA 361;89;1082;30;ROMEU ZEMA NETO;2,80E+11;391;284;271;1
47635;LAVRAS;160;ESCOLA ESTADUAL JOAO BATISTA HERMETO;RUA JAIR FERREIRA 285;43;1023;70;AUGUSTO JORGE CURY;2,80E+11;388;282;262;10
47635;LAVRAS;160;UNILAVRAS;RUA PADRE JOSE POGGEL 506;176;1139;95;VOTO BRANCO;-1;355;281;274;3
47635;LAVRAS;160;ESCOLA ESTADUAL JOAO BATISTA HERMETO;RUA JAIR FERREIRA 285;46;1023;70;AUGUSTO JORGE CURY;2,80E+11;384;296;276;13
47635;LAVRAS;160;COLEGIO NOSSA SENHORA DE LOURDES;PRAÇA MONSENHOR DOMINGOS PINHEIRO 162;172;1031;95;VOTO BRANCO;-1;314;253;244;3
47635;LAVRAS;160;ESCOLA ESTADUAL CINIRA DE CARVALHO;RUA AUGUSTO VIEIRA SILVA 440;220;1147;70;AUGUSTO JORGE CURY;2,80E+11;395;306;276;11
47635;LAVRAS;160;ESCOLA MUNICIPAL JOSE SERAFIM;RUA HELIO LUCIO DO CARMO 10;227;1201;13;LUIZ INÁCIO LULA DA SILVA;2,80E+11;302;229;207;119
47635;LAVRAS;160;E, M, PROFESSOR ÉDIO DO NASCIMENTO BIRINDIBA;ESTAÇÃO FERROVIÁRIA DO ITIRAPUAN;238;1244;55;RONALDO RAMOS CAIADO;2,80E+11;319;192;181;3
47635;LAVRAS;160;ESCOLA ESTADUAL FIRMINO COSTA;RUA BARBOSA LIMA 361;88;1082;95;VOTO BRANCO;-1;389;289;274;6
47635;LAVRAS;160;ESCOLA ESTADUAL FIRMINO COSTA;RUA BARBOSA LIMA 361;192;1082;22;FLAVIO NANTES BOLSONARO;2,80E+11;389;297;280;151
47635;LAVRAS;160;ESCOLA ESTADUAL JOAO BATISTA HERMETO;RUA JAIR FERREIRA 285;271;1023;55;RONALDO RAMOS CAIADO;2,80E+11;383;281;262;2
47635;LAVRAS;160;ESCOLA MUNICIPAL UMBELINA AZEVEDO AVELLAR;AVENIDA ANISIO HADDAD, 10;286;1228;22;FLAVIO NANTES BOLSONARO;2,80E+11;158;137;116;51
47635;LAVRAS;160;INSTITUTO GAMMON;PÇA, DR, JORGE 370;123;1120;13;LUIZ INÁCIO LULA DA SILVA;2,80E+11;317;239;228;98
47635;LAVRAS;160;CAMPUS CARLOTA KEMPER;PRACA DR, AUGUSTO SILVA 616;73;1066;96;VOTO NULO;-1;346;262;247;11
47635;LAVRAS;160;ESCOLA MUNICIPAL PAULO LOURENCO MENICUCCI;RUA LUIZ CARLOS DE SOUZA 33;235;1210;14;RENAN ANTONIO FERREIRA DOS SANTOS;2,80E+11;380;299;262;6
47635;LAVRAS;160;ESCOLA MUNICIPAL DOUTORA DAMINA;RUA PEDRO MOURA 269;31;1015;13;LUIZ INÁCIO LULA DA SILVA;2,80E+11;341;255;242;95
47635;LAVRAS;160;COLEGIO TIRADENTES;COMANDANTE NELIO S/N;208;1171;95;VOTO BRANCO;-1;381;303;287;7
47635;LAVRAS;160;ESCOLA MUNICIPAL PAULO MENICUCCI;RUA AGRIPINO AUGUSTO ANDRADE 425;114;1112;95;VOTO BRANCO;-1;271;203;183;9
47635;LAVRAS;160;ESCOLA ESTADUAL FIRMINO COSTA;RUA BARBOSA LIMA 361;85;1082;30;ROMEU ZEMA NETO;2,80E+11;389;279;263;1
47635;LAVRAS;160;ESCOLA MUNICIPAL JOSE SERAFIM;RUA HELIO LUCIO DO CARMO 10;273;1201;14;RENAN ANTONIO FERREIRA DOS SANTOS;2,80E+11;306;224;188;3
47635;LAVRAS;160;ESCOLA ESTADUAL FIRMINO COSTA;RUA BARBOSA LIMA 361;81;1082;95;VOTO BRANCO;-1;391;266;254;6
47635;LAVRAS;160;ESCOLA MUNICIPAL PAULO MENICUCCI;RUA AGRIPINO AUGUSTO ANDRADE 425;110;1112;70;AUGUSTO JORGE CURY;2,80E+11;286;195;171;4
47635;LAVRAS;160;ESCOLA MUNICIPAL PADRE DEHON;AV, ANTONIO VAZ MONTEIRO, 338;262;1104;95;VOTO BRANCO;-1;379;299;285;9
47635;LAVRAS;160;INSTITUTO GAMMON;PÇA, DR, JORGE 370;126;1120;13;LUIZ INÁCIO LULA DA SILVA;2,80E+11;315;251;242;92
47635;LAVRAS;160;ESCOLA ESTADUAL AZARIAS RIBEIRO;RUA  ORLANDINO PINTO RIBEIRO 254;60;1058;13;LUIZ INÁCIO LULA DA SILVA;2,80E+11;358;252;236;112
47635;LAVRAS;160;COLEGIO TIRADENTES;COMANDANTE NELIO S/N;158;1171;95;VOTO BRANCO;-1;384;310;295;4
47635;LAVRAS;160;ESCOLA MUNICIPAL OSCAR BOTELHO;RUA JOAQUIM CARLOS ALVARENGA 268;77;1074;30;ROMEU ZEMA NETO;2,80E+11;341;247;222;1
47635;LAVRAS;160;CAMPUS CARLOTA KEMPER;PRACA DR, AUGUSTO SILVA 616;71;1066;13;LUIZ INÁCIO LULA DA SILVA;2,80E+11;345;245;238;87
47635;LAVRAS;160;UNILAVRAS;RUA PADRE JOSE POGGEL 506;282;1139;95;VOTO BRANCO;-1;360;286;275;4
47635;LAVRAS;160;COLEGIO TIRADENTES;COMANDANTE NELIO S/N;158;1171;70;AUGUSTO JORGE CURY;2,80E+11;384;310;295;10
47635;LAVRAS;160;COLEGIO NOSSA SENHORA DE LOURDES;PRAÇA MONSENHOR DOMINGOS PINHEIRO 162;162;1031;13;LUIZ INÁCIO LULA DA SILVA;2,80E+11;315;265;254;96
47635;LAVRAS;160;ESCOLA ESTADUAL JOAO BATISTA HERMETO;RUA JAIR FERREIRA 285;44;1023;13;LUIZ INÁCIO LULA DA SILVA;2,80E+11;389;286;262;100
47635;LAVRAS;160;ESCOLA ESTADUAL JOAO BATISTA HERMETO;RUA JAIR FERREIRA 285;271;1023;14;RENAN ANTONIO FERREIRA DOS SANTOS;2,80E+11;383;281;262;10
47635;LAVRAS;160;ESCOLA MUNICIPAL PAULO LOURENCO MENICUCCI;RUA LUIZ CARLOS DE SOUZA 33;212;1210;14;RENAN ANTONIO FERREIRA DOS SANTOS;2,80E+11;378;294;264;11
47635;LAVRAS;160;INSTITUTO GAMMON;PÇA, DR, JORGE 370;190;1120;13;LUIZ INÁCIO LULA DA SILVA;2,80E+11;319;261;243;93
47635;LAVRAS;160;ESCOLA MUNICIPAL OSCAR BOTELHO;RUA JOAQUIM CARLOS ALVARENGA 268;177;1074;55;RONALDO RAMOS CAIADO;2,80E+11;340;274;247;6
47635;LAVRAS;160;ESCOLA ESTADUAL CINIRA DE CARVALHO;RUA AUGUSTO VIEIRA SILVA 440;272;1147;30;ROMEU ZEMA NETO;2,80E+11;394;296;269;1
47635;LAVRAS;160;ESCOLA MUNICIPAL FRANCISCO SALES;RUA SANTOS PENONI S/N;101;1090;55;RONALDO RAMOS CAIADO;2,80E+11;396;295;269;4
47635;LAVRAS;160;ESCOLA ESTADUAL CINIRA DE CARVALHO;RUA AUGUSTO VIEIRA SILVA 440;230;1147;14;RENAN ANTONIO FERREIRA DOS SANTOS;2,80E+11;392;305;275;6
47635;LAVRAS;160;ESCOLA ESTADUAL JOAO BATISTA HERMETO;RUA JAIR FERREIRA 285;38;1023;14;RENAN ANTONIO FERREIRA DOS SANTOS;2,80E+11;389;291;273;6
47635;LAVRAS;160;ESCOLA MUNICIPAL FRANCISCO SALES;RUA SANTOS PENONI S/N;98;1090;80;SAMARA MARTINS DA SILVA FEITOSA;2,80E+11;396;273;257;1
47635;LAVRAS;160;CAMPUS CARLOTA KEMPER;PRACA DR, AUGUSTO SILVA 616;95;1066;55;RONALDO RAMOS CAIADO;2,80E+11;343;251;238;15
47635;LAVRAS;160;INSTITUTO GAMMON;PÇA, DR, JORGE 370;126;1120;55;RONALDO RAMOS CAIADO;2,80E+11;315;251;242;2
47635;LAVRAS;160;ESCOLA ESTADUAL CRISTIANO DE SOUZA;AV, DUQUE DA ROCHA 501;213;1155;55;RONALDO RAMOS CAIADO;2,80E+11;381;298;277;6
47635;LAVRAS;160;COLEGIO TIRADENTES;COMANDANTE NELIO S/N;189;1171;55;RONALDO RAMOS CAIADO;2,80E+11;379;287;278;5
47635;LAVRAS;160;ESCOLA ESTADUAL FIRMINO COSTA;RUA BARBOSA LIMA 361;86;1082;13;LUIZ INÁCIO LULA DA SILVA;2,80E+11;388;292;272;86
47635;LAVRAS;160;E, M, PROFESSOR JOSE LUIZ DE MESQUITA;RUA CECILIA MEIRELES 101;252;1236;30;ROMEU ZEMA NETO;2,80E+11;372;279;258;4
47635;LAVRAS;160;ESCOLA MUNICIPAL PAULO MENICUCCI;RUA AGRIPINO AUGUSTO ANDRADE 425;109;1112;96;VOTO NULO;-1;270;188;168;12
47635;LAVRAS;160;ESCOLA MUNICIPAL DOUTORA DAMINA;RUA PEDRO MOURA 269;34;1015;96;VOTO NULO;-1;339;243;231;7
47635;LAVRAS;160;ESCOLA MUNICIPAL JOSE SERAFIM;RUA HELIO LUCIO DO CARMO 10;273;1201;96;VOTO NULO;-1;306;224;188;21
47635;LAVRAS;160;INSTITUTO GAMMON;PÇA, DR, JORGE 370;190;1120;96;VOTO NULO;-1;319;261;243;10
47635;LAVRAS;160;ESCOLA MUNICIPAL DOUTORA DAMINA;RUA PEDRO MOURA 269;35;1015;55;RONALDO RAMOS CAIADO;2,80E+11;330;245;228;5
47635;LAVRAS;160;E, M, PROFESSOR JOSE LUIZ DE MESQUITA;RUA CECILIA MEIRELES 101;266;1236;27;CLARIANA ZACARKIM BARAO;2,80E+11;373;264;243;1
47635;LAVRAS;160;ESCOLA ESTADUAL JOAO BATISTA HERMETO;RUA JAIR FERREIRA 285;168;1023;30;ROMEU ZEMA NETO;2,80E+11;386;309;286;1
47635;LAVRAS;160;CAIC - ESCOLA MUNICIPAL ITALIA CAUTIERO FRANCO;RUA RAIMUNDA MARQUES GUIMARAES S/N;250;1163;96;VOTO NULO;-1;369;298;277;16
47635;LAVRAS;160;ESCOLA MUNICIPAL PAULO LOURENCO MENICUCCI;RUA LUIZ CARLOS DE SOUZA 33;276;1210;96;VOTO NULO;-1;381;304;277;16
47635;LAVRAS;160;ESCOLA ESTADUAL CRISTIANO DE SOUZA;AV, DUQUE DA ROCHA 501;280;1155;96;VOTO NULO;-1;386;293;267;15
47635;LAVRAS;160;ESCOLA ESTADUAL AZARIAS RIBEIRO;RUA  ORLANDINO PINTO RIBEIRO 254;61;1058;80;SAMARA MARTINS DA SILVA FEITOSA;2,80E+11;354;245;229;1
47635;LAVRAS;160;ESCOLA ESTADUAL CINIRA DE CARVALHO;RUA AUGUSTO VIEIRA SILVA 440;207;1147;14;RENAN ANTONIO FERREIRA DOS SANTOS;2,80E+11;388;309;282;3
47635;LAVRAS;160;ESCOLA ESTADUAL FIRMINO COSTA;RUA BARBOSA LIMA 361;205;1082;96;VOTO NULO;-1;391;293;275;12
47635;LAVRAS;160;ESCOLA ESTADUAL CINIRA DE CARVALHO;RUA AUGUSTO VIEIRA SILVA 440;258;1147;95;VOTO BRANCO;-1;393;278;256;13
47635;LAVRAS;160;ESCOLA ESTADUAL AZARIAS RIBEIRO;RUA  ORLANDINO PINTO RIBEIRO 254;270;1058;80;SAMARA MARTINS DA SILVA FEITOSA;2,80E+11;353;273;254;2
47635;LAVRAS;160;ESCOLA MUNICIPAL JOSE SERAFIM;RUA HELIO LUCIO DO CARMO 10;273;1201;70;AUGUSTO JORGE CURY;2,80E+11;306;224;188;4
47635;LAVRAS;160;ESCOLA ESTADUAL JOAO BATISTA HERMETO;RUA JAIR FERREIRA 285;44;1023;95;VOTO BRANCO;-1;389;286;262;14
47635;LAVRAS;160;UNILAVRAS;RUA PADRE JOSE POGGEL 506;149;1139;70;AUGUSTO JORGE CURY;2,80E+11;358;293;282;12
47635;LAVRAS;160;COLEGIO NOSSA SENHORA DE LOURDES;PRAÇA MONSENHOR DOMINGOS PINHEIRO 162;52;1031;96;VOTO NULO;-1;313;240;232;4
47635;LAVRAS;160;ESCOLA ESTADUAL AZARIAS RIBEIRO;RUA  ORLANDINO PINTO RIBEIRO 254;222;1058;96;VOTO NULO;-1;351;276;260;8
47635;LAVRAS;160;COLEGIO TIRADENTES;COMANDANTE NELIO S/N;245;1171;96;VOTO NULO;-1;377;278;260;11
47635;LAVRAS;160;E, M, PROFESSOR JOSE LUIZ DE MESQUITA;RUA CECILIA MEIRELES 101;266;1236;55;RONALDO RAMOS CAIADO;2,80E+11;373;264;243;7
47635;LAVRAS;160;ESCOLA MUNICIPAL DOUTORA DAMINA;RUA PEDRO MOURA 269;210;1015;80;SAMARA MARTINS DA SILVA FEITOSA;2,80E+11;331;259;239;1
47635;LAVRAS;160;ESCOLA MUNICIPAL OSCAR BOTELHO;RUA JOAQUIM CARLOS ALVARENGA 268;79;1074;55;RONALDO RAMOS CAIADO;2,80E+11;343;282;248;5
47635;LAVRAS;160;ESCOLA MUNICIPAL  ALVARO BOTELHO;PCA, DOUTOR JORGE 130;56;1040;55;RONALDO RAMOS CAIADO;2,80E+11;332;258;242;4
47635;LAVRAS;160;COLEGIO NOSSA SENHORA DE LOURDES;PRAÇA MONSENHOR DOMINGOS PINHEIRO 162;52;1031;55;RONALDO RAMOS CAIADO;2,80E+11;313;240;232;4
47635;LAVRAS;160;ESCOLA MUNICIPAL JOSE SERAFIM;RUA HELIO LUCIO DO CARMO 10;227;1201;96;VOTO NULO;-1;302;229;207;16
47635;LAVRAS;160;ESCOLA ESTADUAL AZARIAS RIBEIRO;RUA  ORLANDINO PINTO RIBEIRO 254;60;1058;96;VOTO NULO;-1;358;252;236;9
47635;LAVRAS;160;ESCOLA ESTADUAL JOAO BATISTA HERMETO;RUA JAIR FERREIRA 285;46;1023;55;RONALDO RAMOS CAIADO;2,80E+11;384;296;276;5
47635;LAVRAS;160;ESCOLA ESTADUAL TIRADENTES;RUA COMANDANTE NÉLIO, N, 07;284;1260;55;RONALDO RAMOS CAIADO;2,80E+11;389;317;301;6
47635;LAVRAS;160;COLEGIO TIRADENTES;COMANDANTE NELIO S/N;231;1171;55;RONALDO RAMOS CAIADO;2,80E+11;374;294;275;5
47635;LAVRAS;160;INSTITUTO GAMMON;PÇA, DR, JORGE 370;124;1120;30;ROMEU ZEMA NETO;2,80E+11;321;223;210;2
47635;LAVRAS;160;E, M, PROFESSOR JOSE LUIZ DE MESQUITA;RUA CECILIA MEIRELES 101;266;1236;96;VOTO NULO;-1;373;264;243;10
47635;LAVRAS;160;ESCOLA ESTADUAL JOAO BATISTA HERMETO;RUA JAIR FERREIRA 285;38;1023;80;SAMARA MARTINS DA SILVA FEITOSA;2,80E+11;389;291;273;1
47635;LAVRAS;160;ESCOLA MUNICIPAL PAULO LOURENCO MENICUCCI;RUA LUIZ CARLOS DE SOUZA 33;235;1210;80;SAMARA MARTINS DA SILVA FEITOSA;2,80E+11;380;299;262;1
47635;LAVRAS;160;COLEGIO NOSSA SENHORA DE LOURDES;PRAÇA MONSENHOR DOMINGOS PINHEIRO 162;48;1031;70;AUGUSTO JORGE CURY;2,80E+11;317;234;228;6
47635;LAVRAS;160;ESCOLA ESTADUAL CRISTIANO DE SOUZA;AV, DUQUE DA ROCHA 501;241;1155;70;AUGUSTO JORGE CURY;2,80E+11;384;301;276;6
47635;LAVRAS;160;ESCOLA ESTADUAL CINIRA DE CARVALHO;RUA AUGUSTO VIEIRA SILVA 440;200;1147;70;AUGUSTO JORGE CURY;2,80E+11;395;305;278;13
47635;LAVRAS;160;ESCOLA MUNICIPAL OSCAR BOTELHO;RUA JOAQUIM CARLOS ALVARENGA 268;78;1074;55;RONALDO RAMOS CAIADO;2,80E+11;341;220;198;4
47635;LAVRAS;160;UNILAVRAS;RUA PADRE JOSE POGGEL 506;176;1139;55;RONALDO RAMOS CAIADO;2,80E+11;355;281;274;8
47635;LAVRAS;160;ESCOLA ESTADUAL CINIRA DE CARVALHO;RUA AUGUSTO VIEIRA SILVA 440;191;1147;27;CLARIANA ZACARKIM BARAO;2,80E+11;395;305;279;1
47635;LAVRAS;160;ESCOLA ESTADUAL CINIRA DE CARVALHO;RUA AUGUSTO VIEIRA SILVA 440;207;1147;95;VOTO BRANCO;-1;388;309;282;14
47635;LAVRAS;160;ESCOLA MUNICIPAL DOUTORA DAMINA;RUA PEDRO MOURA 269;170;1015;95;VOTO BRANCO;-1;337;250;237;7
47635;LAVRAS;160;COLEGIO NOSSA SENHORA DE LOURDES;PRAÇA MONSENHOR DOMINGOS PINHEIRO 162;50;1031;95;VOTO BRANCO;-1;311;226;213;3
47635;LAVRAS;160;ESCOLA ESTADUAL CRISTIANO DE SOUZA;AV, DUQUE DA ROCHA 501;213;1155;96;VOTO NULO;-1;381;298;277;11
47635;LAVRAS;160;COLEGIO TIRADENTES;COMANDANTE NELIO S/N;70;1171;96;VOTO NULO;-1;382;296;279;8
47635;LAVRAS;160;ESCOLA MUNICIPAL PADRE DEHON;AV, ANTONIO VAZ MONTEIRO, 338;105;1104;96;VOTO NULO;-1;383;293;275;7
47635;LAVRAS;160;ESCOLA ESTADUAL CRISTIANO DE SOUZA;AV, DUQUE DA ROCHA 501;225;1155;96;VOTO NULO;-1;390;295;274;9
47635;LAVRAS;160;CAIC - ESCOLA MUNICIPAL ITALIA CAUTIERO FRANCO;RUA RAIMUNDA MARQUES GUIMARAES S/N;218;1163;80;SAMARA MARTINS DA SILVA FEITOSA;2,80E+11;371;292;270;1
47635;LAVRAS;160;ESCOLA ESTADUAL CRISTIANO DE SOUZA;AV, DUQUE DA ROCHA 501;197;1155;14;RENAN ANTONIO FERREIRA DOS SANTOS;2,80E+11;385;295;264;7
47635;LAVRAS;160;CAMPUS CARLOTA KEMPER;PRACA DR, AUGUSTO SILVA 616;95;1066;30;ROMEU ZEMA NETO;2,80E+11;343;251;238;2
47635;LAVRAS;160;ESCOLA MUNICIPAL PAULO MENICUCCI;RUA AGRIPINO AUGUSTO ANDRADE 425;203;1112;30;ROMEU ZEMA NETO;2,80E+11;283;234;215;2
47635;LAVRAS;160;ESCOLA MUNICIPAL OSCAR BOTELHO;RUA JOAQUIM CARLOS ALVARENGA 268;188;1074;14;RENAN ANTONIO FERREIRA DOS SANTOS;2,80E+11;344;271;244;4
47635;LAVRAS;160;CAMPUS CARLOTA KEMPER;PRACA DR, AUGUSTO SILVA 616;253;1066;14;RENAN ANTONIO FERREIRA DOS SANTOS;2,80E+11;344;268;262;12
47635;LAVRAS;160;ESCOLA ESTADUAL CRISTIANO DE SOUZA;AV, DUQUE DA ROCHA 501;241;1155;22;FLAVIO NANTES BOLSONARO;2,80E+11;384;301;276;125
47635;LAVRAS;160;ESCOLA MUNICIPAL PAULO MENICUCCI;RUA AGRIPINO AUGUSTO ANDRADE 425;109;1112;14;RENAN ANTONIO FERREIRA DOS SANTOS;2,80E+11;270;188;168;2
47635;LAVRAS;160;ESCOLA ESTADUAL CINIRA DE CARVALHO;RUA AUGUSTO VIEIRA SILVA 440;174;1147;22;FLAVIO NANTES BOLSONARO;2,80E+11;394;308;288;142
47635;LAVRAS;160;ESCOLA MUNICIPAL  ALVARO BOTELHO;PCA, DOUTOR JORGE 130;58;1040;22;FLAVIO NANTES BOLSONARO;2,80E+11;335;242;226;100
47635;LAVRAS;160;ESCOLA ESTADUAL FIRMINO COSTA;RUA BARBOSA LIMA 361;89;1082;22;FLAVIO NANTES BOLSONARO;2,80E+11;391;284;271;154
47635;LAVRAS;160;CAMPUS CARLOTA KEMPER;PRACA DR, AUGUSTO SILVA 616;160;1066;22;FLAVIO NANTES BOLSONARO;2,80E+11;345;257;244;134
47635;LAVRAS;160;COLEGIO NOSSA SENHORA DE LOURDES;PRAÇA MONSENHOR DOMINGOS PINHEIRO 162;52;1031;22;FLAVIO NANTES BOLSONARO;2,80E+11;313;240;232;129
47635;LAVRAS;160;UNILAVRAS;RUA PADRE JOSE POGGEL 506;226;1139;95;VOTO BRANCO;-1;355;268;262;3
47635;LAVRAS;160;ESCOLA MUNICIPAL PAULO MENICUCCI;RUA AGRIPINO AUGUSTO ANDRADE 425;217;1112;13;LUIZ INÁCIO LULA DA SILVA;2,80E+11;283;226;199;97
47635;LAVRAS;160;COLEGIO NOSSA SENHORA DE LOURDES;PRAÇA MONSENHOR DOMINGOS PINHEIRO 162;151;1031;70;AUGUSTO JORGE CURY;2,80E+11;317;249;233;6
47635;LAVRAS;160;UNILAVRAS;RUA PADRE JOSE POGGEL 506;226;1139;70;AUGUSTO JORGE CURY;2,80E+11;355;268;262;10
47635;LAVRAS;160;ESCOLA ESTADUAL CINIRA DE CARVALHO;RUA AUGUSTO VIEIRA SILVA 440;200;1147;95;VOTO BRANCO;-1;395;305;278;11
47635;LAVRAS;160;ESCOLA MUNICIPAL UMBELINA AZEVEDO AVELLAR;AVENIDA ANISIO HADDAD, 10;286;1228;30;ROMEU ZEMA NETO;2,80E+11;158;137;116;1
47635;LAVRAS;160;ESCOLA ESTADUAL JOAO BATISTA HERMETO;RUA JAIR FERREIRA 285;45;1023;30;ROMEU ZEMA NETO;2,80E+11;390;292;263;4
47635;LAVRAS;160;CAIC - ESCOLA MUNICIPAL ITALIA CAUTIERO FRANCO;RUA RAIMUNDA MARQUES GUIMARAES S/N;102;1163;13;LUIZ INÁCIO LULA DA SILVA;2,80E+11;376;275;259;117
47635;LAVRAS;160;ESCOLA ESTADUAL AZARIAS RIBEIRO;RUA  ORLANDINO PINTO RIBEIRO 254;67;1058;70;AUGUSTO JORGE CURY;2,80E+11;352;266;243;9
47635;LAVRAS;160;ESCOLA MUNICIPAL  ALVARO BOTELHO;PCA, DOUTOR JORGE 130;58;1040;13;LUIZ INÁCIO LULA DA SILVA;2,80E+11;335;242;226;104
47635;LAVRAS;160;COLEGIO NOSSA SENHORA DE LOURDES;PRAÇA MONSENHOR DOMINGOS PINHEIRO 162;196;1031;95;VOTO BRANCO;-1;310;247;233;6
47635;LAVRAS;160;COLEGIO TIRADENTES;COMANDANTE NELIO S/N;239;1171;70;AUGUSTO JORGE CURY;2,80E+11;387;286;270;9
47635;LAVRAS;160;ESCOLA ESTADUAL CRISTIANO DE SOUZA;AV, DUQUE DA ROCHA 501;197;1155;70;AUGUSTO JORGE CURY;2,80E+11;385;295;264;12
47635;LAVRAS;160;ESCOLA ESTADUAL CRISTIANO DE SOUZA;AV, DUQUE DA ROCHA 501;254;1155;14;RENAN ANTONIO FERREIRA DOS SANTOS;2,80E+11;390;301;274;4
47635;LAVRAS;160;ESCOLA MUNICIPAL PADRE DEHON;AV, ANTONIO VAZ MONTEIRO, 338;262;1104;22;FLAVIO NANTES BOLSONARO;2,80E+11;379;299;285;128
47635;LAVRAS;160;UNILAVRAS;RUA PADRE JOSE POGGEL 506;176;1139;22;FLAVIO NANTES BOLSONARO;2,80E+11;355;281;274;157
47635;LAVRAS;160;ESCOLA MUNICIPAL OSCAR BOTELHO;RUA JOAQUIM CARLOS ALVARENGA 268;78;1074;22;FLAVIO NANTES BOLSONARO;2,80E+11;341;220;198;81
47635;LAVRAS;160;CAIC - ESCOLA MUNICIPAL ITALIA CAUTIERO FRANCO;RUA RAIMUNDA MARQUES GUIMARAES S/N;268;1163;55;RONALDO RAMOS CAIADO;2,80E+11;374;291;274;10
47635;LAVRAS;160;ESCOLA MUNICIPAL DOUTORA DAMINA;RUA PEDRO MOURA 269;33;1015;14;RENAN ANTONIO FERREIRA DOS SANTOS;2,80E+11;333;241;228;6
47635;LAVRAS;160;ESCOLA ESTADUAL CRISTIANO DE SOUZA;AV, DUQUE DA ROCHA 501;236;1155;22;FLAVIO NANTES BOLSONARO;2,80E+11;391;319;303;117
47635;LAVRAS;160;COLEGIO TIRADENTES;COMANDANTE NELIO S/N;69;1171;80;SAMARA MARTINS DA SILVA FEITOSA;2,80E+11;382;283;269;1
47635;LAVRAS;160;UNILAVRAS;RUA PADRE JOSE POGGEL 506;127;1139;80;SAMARA MARTINS DA SILVA FEITOSA;2,80E+11;357;256;241;1
47635;LAVRAS;160;COLEGIO TIRADENTES;COMANDANTE NELIO S/N;189;1171;80;SAMARA MARTINS DA SILVA FEITOSA;2,80E+11;379;287;278;1
47635;LAVRAS;160;INSTITUTO GAMMON;PÇA, DR, JORGE 370;117;1120;13;LUIZ INÁCIO LULA DA SILVA;2,80E+11;321;226;214;84
47635;LAVRAS;160;ESCOLA MUNICIPAL PAULO MENICUCCI;RUA AGRIPINO AUGUSTO ANDRADE 425;217;1112;14;RENAN ANTONIO FERREIRA DOS SANTOS;2,80E+11;283;226;199;3
47635;LAVRAS;160;ESCOLA ESTADUAL CRISTIANO DE SOUZA;AV, DUQUE DA ROCHA 501;261;1155;96;VOTO NULO;-1;389;303;281;7
47635;LAVRAS;160;ESCOLA ESTADUAL AZARIAS RIBEIRO;RUA  ORLANDINO PINTO RIBEIRO 254;66;1058;96;VOTO NULO;-1;355;268;252;9
47635;LAVRAS;160;ESCOLA ESTADUAL FIRMINO COSTA;RUA BARBOSA LIMA 361;90;1082;96;VOTO NULO;-1;388;283;269;11
47635;LAVRAS;160;ESCOLA MUNICIPAL PAULO LOURENCO MENICUCCI;RUA LUIZ CARLOS DE SOUZA 33;235;1210;96;VOTO NULO;-1;380;299;262;20
47635;LAVRAS;160;ESCOLA MUNICIPAL OSCAR BOTELHO;RUA JOAQUIM CARLOS ALVARENGA 268;177;1074;22;FLAVIO NANTES BOLSONARO;2,80E+11;340;274;247;106
47635;LAVRAS;160;ESCOLA MUNICIPAL PAULO LOURENCO MENICUCCI;RUA LUIZ CARLOS DE SOUZA 33;276;1210;22;FLAVIO NANTES BOLSONARO;2,80E+11;381;304;277;110
47635;LAVRAS;160;ESCOLA ESTADUAL CRISTIANO DE SOUZA;AV, DUQUE DA ROCHA 501;280;1155;22;FLAVIO NANTES BOLSONARO;2,80E+11;386;293;267;103
47635;LAVRAS;160;UNILAVRAS;RUA PADRE JOSE POGGEL 506;127;1139;22;FLAVIO NANTES BOLSONARO;2,80E+11;357;256;241;128
47635;LAVRAS;160;ESCOLA MUNICIPAL PAULO MENICUCCI;RUA AGRIPINO AUGUSTO ANDRADE 425;113;1112;70;AUGUSTO JORGE CURY;2,80E+11;287;212;195;9
47635;LAVRAS;160;ESCOLA ESTADUAL CINIRA DE CARVALHO;RUA AUGUSTO VIEIRA SILVA 440;161;1147;70;AUGUSTO JORGE CURY;2,80E+11;398;284;266;8
47635;LAVRAS;160;E, M, PROFESSOR JOSE LUIZ DE MESQUITA;RUA CECILIA MEIRELES 101;252;1236;70;AUGUSTO JORGE CURY;2,80E+11;372;279;258;12
47635;LAVRAS;160;ESCOLA ESTADUAL AZARIAS RIBEIRO;RUA  ORLANDINO PINTO RIBEIRO 254;60;1058;70;AUGUSTO JORGE CURY;2,80E+11;358;252;236;9
47635;LAVRAS;160;ESCOLA ESTADUAL CINIRA DE CARVALHO;RUA AUGUSTO VIEIRA SILVA 440;249;1147;14;RENAN ANTONIO FERREIRA DOS SANTOS;2,80E+11;395;296;275;11
47635;LAVRAS;160;ESCOLA ESTADUAL FIRMINO COSTA;RUA BARBOSA LIMA 361;237;1082;14;RENAN ANTONIO FERREIRA DOS SANTOS;2,80E+11;386;297;278;10
47635;LAVRAS;160;ESCOLA ESTADUAL CRISTIANO DE SOUZA;AV, DUQUE DA ROCHA 501;236;1155;14;RENAN ANTONIO FERREIRA DOS SANTOS;2,80E+11;391;319;303;8
47635;LAVRAS;160;ESCOLA ESTADUAL TIRADENTES;RUA COMANDANTE NÉLIO, N, 07;269;1260;95;VOTO BRANCO;-1;389;305;287;4
47635;LAVRAS;160;ESCOLA ESTADUAL CINIRA DE CARVALHO;RUA AUGUSTO VIEIRA SILVA 440;240;1147;70;AUGUSTO JORGE CURY;2,80E+11;394;302;272;12
47635;LAVRAS;160;ESCOLA ESTADUAL CINIRA DE CARVALHO;RUA AUGUSTO VIEIRA SILVA 440;272;1147;70;AUGUSTO JORGE CURY;2,80E+11;394;296;269;15
47635;LAVRAS;160;UNILAVRAS;RUA PADRE JOSE POGGEL 506;127;1139;30;ROMEU ZEMA NETO;2,80E+11;357;256;241;4
47635;LAVRAS;160;E, M, PROFESSOR JOSE LUIZ DE MESQUITA;RUA CECILIA MEIRELES 101;228;1236;13;LUIZ INÁCIO LULA DA SILVA;2,80E+11;373;276;262;133
47635;LAVRAS;160;INSTITUTO GAMMON;PÇA, DR, JORGE 370;119;1120;22;FLAVIO NANTES BOLSONARO;2,80E+11;322;239;229;115
47635;LAVRAS;160;ESCOLA ESTADUAL AZARIAS RIBEIRO;RUA  ORLANDINO PINTO RIBEIRO 254;64;1058;22;FLAVIO NANTES BOLSONARO;2,80E+11;355;256;223;102
47635;LAVRAS;160;COLEGIO NOSSA SENHORA DE LOURDES;PRAÇA MONSENHOR DOMINGOS PINHEIRO 162;53;1031;22;FLAVIO NANTES BOLSONARO;2,80E+11;312;243;230;118
47635;LAVRAS;160;CAMPUS CARLOTA KEMPER;PRACA DR, AUGUSTO SILVA 616;95;1066;14;RENAN ANTONIO FERREIRA DOS SANTOS;2,80E+11;343;251;238;7
47635;LAVRAS;160;ESCOLA MUNICIPAL UMBELINA AZEVEDO AVELLAR;AVENIDA ANISIO HADDAD, 10;260;1228;14;RENAN ANTONIO FERREIRA DOS SANTOS;2,80E+11;382;303;275;10
47635;LAVRAS;160;CAIC - ESCOLA MUNICIPAL ITALIA CAUTIERO FRANCO;RUA RAIMUNDA MARQUES GUIMARAES S/N;234;1163;14;RENAN ANTONIO FERREIRA DOS SANTOS;2,80E+11;371;303;274;6
47635;LAVRAS;160;ESCOLA ESTADUAL TIRADENTES;RUA COMANDANTE NÉLIO, N, 07;281;1260;14;RENAN ANTONIO FERREIRA DOS SANTOS;2,80E+11;392;286;273;12
47635;LAVRAS;160;ESCOLA ESTADUAL AZARIAS RIBEIRO;RUA  ORLANDINO PINTO RIBEIRO 254;63;1058;96;VOTO NULO;-1;350;252;239;6
47635;LAVRAS;160;INSTITUTO GAMMON;PÇA, DR, JORGE 370;118;1120;55;RONALDO RAMOS CAIADO;2,80E+11;315;230;217;4
47635;LAVRAS;160;ESCOLA MUNICIPAL PAULO MENICUCCI;RUA AGRIPINO AUGUSTO ANDRADE 425;203;1112;96;VOTO NULO;-1;283;234;215;12
47635;LAVRAS;160;INSTITUTO GAMMON;PÇA, DR, JORGE 370;124;1120;55;RONALDO RAMOS CAIADO;2,80E+11;321;223;210;6
47635;LAVRAS;160;ESCOLA ESTADUAL TIRADENTES;RUA COMANDANTE NÉLIO, N, 07;281;1260;13;LUIZ INÁCIO LULA DA SILVA;2,80E+11;392;286;273;96
47635;LAVRAS;160;ESCOLA ESTADUAL AZARIAS RIBEIRO;RUA  ORLANDINO PINTO RIBEIRO 254;198;1058;55;RONALDO RAMOS CAIADO;2,80E+11;343;268;253;5
47635;LAVRAS;160;CAMPUS CARLOTA KEMPER;PRACA DR, AUGUSTO SILVA 616;96;1066;70;AUGUSTO JORGE CURY;2,80E+11;345;283;271;10
47635;LAVRAS;160;ESCOLA MUNICIPAL PAULO LOURENCO MENICUCCI;RUA LUIZ CARLOS DE SOUZA 33;235;1210;55;RONALDO RAMOS CAIADO;2,80E+11;380;299;262;2
47635;LAVRAS;160;ESCOLA MUNICIPAL  ALVARO BOTELHO;PCA, DOUTOR JORGE 130;55;1040;80;SAMARA MARTINS DA SILVA FEITOSA;2,80E+11;328;231;219;1
47635;LAVRAS;160;ESCOLA MUNICIPAL OSCAR BOTELHO;RUA JOAQUIM CARLOS ALVARENGA 268;188;1074;55;RONALDO RAMOS CAIADO;2,80E+11;344;271;244;6
47635;LAVRAS;160;COLEGIO TIRADENTES;COMANDANTE NELIO S/N;69;1171;13;LUIZ INÁCIO LULA DA SILVA;2,80E+11;382;283;269;97
47635;LAVRAS;160;COLEGIO TIRADENTES;COMANDANTE NELIO S/N;239;1171;14;RENAN ANTONIO FERREIRA DOS SANTOS;2,80E+11;387;286;270;11
47635;LAVRAS;160;COLEGIO TIRADENTES;COMANDANTE NELIO S/N;239;1171;95;VOTO BRANCO;-1;387;286;270;5
47635;LAVRAS;160;UNILAVRAS;RUA PADRE JOSE POGGEL 506;129;1139;13;LUIZ INÁCIO LULA DA SILVA;2,80E+11;358;277;265;83
47635;LAVRAS;160;CAIC - ESCOLA MUNICIPAL ITALIA CAUTIERO FRANCO;RUA RAIMUNDA MARQUES GUIMARAES S/N;218;1163;13;LUIZ INÁCIO LULA DA SILVA;2,80E+11;371;292;270;93
47635;LAVRAS;160;ESCOLA MUNICIPAL PAULO MENICUCCI;RUA AGRIPINO AUGUSTO ANDRADE 425;115;1112;70;AUGUSTO JORGE CURY;2,80E+11;269;197;175;8
47635;LAVRAS;160;CAIC - ESCOLA MUNICIPAL ITALIA CAUTIERO FRANCO;RUA RAIMUNDA MARQUES GUIMARAES S/N;250;1163;95;VOTO BRANCO;-1;369;298;277;5
47635;LAVRAS;160;COLEGIO NOSSA SENHORA DE LOURDES;PRAÇA MONSENHOR DOMINGOS PINHEIRO 162;49;1031;95;VOTO BRANCO;-1;315;233;226;3
47635;LAVRAS;160;COLEGIO TIRADENTES;COMANDANTE NELIO S/N;215;1171;70;AUGUSTO JORGE CURY;2,80E+11;380;302;289;12
47635;LAVRAS;160;CAMPUS CARLOTA KEMPER;PRACA DR, AUGUSTO SILVA 616;94;1066;95;VOTO BRANCO;-1;342;246;239;2
47635;LAVRAS;160;CAMPUS CARLOTA KEMPER;PRACA DR, AUGUSTO SILVA 616;93;1066;21;EDMILSON SILVA COSTA;2,80E+11;346;243;233;1
47635;LAVRAS;160;ESCOLA ESTADUAL FIRMINO COSTA;RUA BARBOSA LIMA 361;237;1082;55;RONALDO RAMOS CAIADO;2,80E+11;386;297;278;5
47635;LAVRAS;160;COLEGIO TIRADENTES;COMANDANTE NELIO S/N;208;1171;21;EDMILSON SILVA COSTA;2,80E+11;381;303;287;1
47635;LAVRAS;160;COLEGIO TIRADENTES;COMANDANTE NELIO S/N;223;1171;22;FLAVIO NANTES BOLSONARO;2,80E+11;378;297;281;158
47635;LAVRAS;160;CAMPUS CARLOTA KEMPER;PRACA DR, AUGUSTO SILVA 616;160;1066;30;ROMEU ZEMA NETO;2,80E+11;345;257;244;2
47635;LAVRAS;160;ESCOLA ESTADUAL JOAO BATISTA HERMETO;RUA JAIR FERREIRA 285;37;1023;80;SAMARA MARTINS DA SILVA FEITOSA;2,80E+11;388;280;266;2
47635;LAVRAS;160;ESCOLA MUNICIPAL DOUTORA DAMINA;RUA PEDRO MOURA 269;32;1015;30;ROMEU ZEMA NETO;2,80E+11;333;254;245;4
47635;LAVRAS;160;ESCOLA MUNICIPAL  ALVARO BOTELHO;PCA, DOUTOR JORGE 130;59;1040;22;FLAVIO NANTES BOLSONARO;2,80E+11;336;256;242;121
47635;LAVRAS;160;ESCOLA ESTADUAL JOAO BATISTA HERMETO;RUA JAIR FERREIRA 285;182;1023;55;RONALDO RAMOS CAIADO;2,80E+11;387;294;282;7
47635;LAVRAS;160;ESCOLA ESTADUAL AZARIAS RIBEIRO;RUA  ORLANDINO PINTO RIBEIRO 254;65;1058;55;RONALDO RAMOS CAIADO;2,80E+11;349;268;250;4
47635;LAVRAS;160;CAIC - ESCOLA MUNICIPAL ITALIA CAUTIERO FRANCO;RUA RAIMUNDA MARQUES GUIMARAES S/N;268;1163;22;FLAVIO NANTES BOLSONARO;2,80E+11;374;291;274;124
47635;LAVRAS;160;ESCOLA ESTADUAL JOAO BATISTA HERMETO;RUA JAIR FERREIRA 285;271;1023;13;LUIZ INÁCIO LULA DA SILVA;2,80E+11;383;281;262;101
47635;LAVRAS;160;CAMPUS CARLOTA KEMPER;PRACA DR, AUGUSTO SILVA 616;91;1066;30;ROMEU ZEMA NETO;2,80E+11;344;239;228;2
47635;LAVRAS;160;ESCOLA MUNICIPAL JOSE SERAFIM;RUA HELIO LUCIO DO CARMO 10;242;1201;22;FLAVIO NANTES BOLSONARO;2,80E+11;299;236;205;89
47635;LAVRAS;160;ESCOLA ESTADUAL JOAO BATISTA HERMETO;RUA JAIR FERREIRA 285;155;1023;22;FLAVIO NANTES BOLSONARO;2,80E+11;391;309;280;167
47635;LAVRAS;160;UNILAVRAS;RUA PADRE JOSE POGGEL 506;127;1139;96;VOTO NULO;-1;357;256;241;11
47635;LAVRAS;160;COLEGIO TIRADENTES;COMANDANTE NELIO S/N;223;1171;55;RONALDO RAMOS CAIADO;2,80E+11;378;297;281;1
47635;LAVRAS;160;ESCOLA ESTADUAL CINIRA DE CARVALHO;RUA AUGUSTO VIEIRA SILVA 440;249;1147;13;LUIZ INÁCIO LULA DA SILVA;2,80E+11;395;296;275;90
47635;LAVRAS;160;ESCOLA ESTADUAL CINIRA DE CARVALHO;RUA AUGUSTO VIEIRA SILVA 440;272;1147;95;VOTO BRANCO;-1;394;296;269;12
47635;LAVRAS;160;ESCOLA ESTADUAL FIRMINO COSTA;RUA BARBOSA LIMA 361;80;1082;55;RONALDO RAMOS CAIADO;2,80E+11;381;268;248;10
47635;LAVRAS;160;ESCOLA ESTADUAL CINIRA DE CARVALHO;RUA AUGUSTO VIEIRA SILVA 440;178;1147;55;RONALDO RAMOS CAIADO;2,80E+11;397;317;292;8
47635;LAVRAS;160;E, M, PROFESSOR JOSE LUIZ DE MESQUITA;RUA CECILIA MEIRELES 101;206;1236;13;LUIZ INÁCIO LULA DA SILVA;2,80E+11;372;279;247;111
47635;LAVRAS;160;COLEGIO NOSSA SENHORA DE LOURDES;PRAÇA MONSENHOR DOMINGOS PINHEIRO 162;49;1031;14;RENAN ANTONIO FERREIRA DOS SANTOS;2,80E+11;315;233;226;3
47635;LAVRAS;160;INSTITUTO GAMMON;PÇA, DR, JORGE 370;121;1120;55;RONALDO RAMOS CAIADO;2,80E+11;319;251;234;8
47635;LAVRAS;160;ESCOLA MUNICIPAL UMBELINA AZEVEDO AVELLAR;AVENIDA ANISIO HADDAD, 10;260;1228;22;FLAVIO NANTES BOLSONARO;2,80E+11;382;303;275;132
47635;LAVRAS;160;UNILAVRAS;RUA PADRE JOSE POGGEL 506;129;1139;95;VOTO BRANCO;-1;358;277;265;2
47635;LAVRAS;160;ESCOLA ESTADUAL FIRMINO COSTA;RUA BARBOSA LIMA 361;87;1082;30;ROMEU ZEMA NETO;2,80E+11;387;252;235;2
47635;LAVRAS;160;ESCOLA MUNICIPAL PAULO MENICUCCI;RUA AGRIPINO AUGUSTO ANDRADE 425;113;1112;55;RONALDO RAMOS CAIADO;2,80E+11;287;212;195;7
47635;LAVRAS;160;COLEGIO NOSSA SENHORA DE LOURDES;PRAÇA MONSENHOR DOMINGOS PINHEIRO 162;53;1031;70;AUGUSTO JORGE CURY;2,80E+11;312;243;230;7
47635;LAVRAS;160;ESCOLA ESTADUAL FIRMINO COSTA;RUA BARBOSA LIMA 361;87;1082;80;SAMARA MARTINS DA SILVA FEITOSA;2,80E+11;387;252;235;1
47635;LAVRAS;160;COLEGIO TIRADENTES;COMANDANTE NELIO S/N;231;1171;95;VOTO BRANCO;-1;374;294;275;7
47635;LAVRAS;160;ESCOLA MUNICIPAL UMBELINA AZEVEDO AVELLAR;AVENIDA ANISIO HADDAD, 10;274;1228;29;RUI COSTA PIMENTA;2,80E+11;380;288;266;1
47635;LAVRAS;160;ESCOLA MUNICIPAL JOSE SERAFIM;RUA HELIO LUCIO DO CARMO 10;214;1201;21;EDMILSON SILVA COSTA;2,80E+11;303;236;198;1
47635;LAVRAS;160;COLEGIO TIRADENTES;COMANDANTE NELIO S/N;68;1171;95;VOTO BRANCO;-1;381;293;279;6
47635;LAVRAS;160;COLEGIO TIRADENTES;COMANDANTE NELIO S/N;189;1171;22;FLAVIO NANTES BOLSONARO;2,80E+11;379;287;278;161
47635;LAVRAS;160;ESCOLA MUNICIPAL FRANCISCO SALES;RUA SANTOS PENONI S/N;100;1090;80;SAMARA MARTINS DA SILVA FEITOSA;2,80E+11;399;284;264;1
47635;LAVRAS;160;ESCOLA MUNICIPAL DOUTORA DAMINA;RUA PEDRO MOURA 269;35;1015;96;VOTO NULO;-1;330;245;228;8
47635;LAVRAS;160;ESCOLA MUNICIPAL  ALVARO BOTELHO;PCA, DOUTOR JORGE 130;57;1040;13;LUIZ INÁCIO LULA DA SILVA;2,80E+11;338;251;235;109
47635;LAVRAS;160;ESCOLA MUNICIPAL DOUTORA DAMINA;RUA PEDRO MOURA 269;31;1015;95;VOTO BRANCO;-1;341;255;242;5
47635;LAVRAS;160;ESCOLA ESTADUAL CINIRA DE CARVALHO;RUA AUGUSTO VIEIRA SILVA 440;191;1147;14;RENAN ANTONIO FERREIRA DOS SANTOS;2,80E+11;395;305;279;6
47635;LAVRAS;160;ESCOLA ESTADUAL CRISTIANO DE SOUZA;AV, DUQUE DA ROCHA 501;204;1155;70;AUGUSTO JORGE CURY;2,80E+11;393;308;280;6
47635;LAVRAS;160;INSTITUTO GAMMON;PÇA, DR, JORGE 370;125;1120;13;LUIZ INÁCIO LULA DA SILVA;2,80E+11;319;246;237;100
47635;LAVRAS;160;COLEGIO TIRADENTES;COMANDANTE NELIO S/N;215;1171;14;RENAN ANTONIO FERREIRA DOS SANTOS;2,80E+11;380;302;289;8
47635;LAVRAS;160;CAIC - ESCOLA MUNICIPAL ITALIA CAUTIERO FRANCO;RUA RAIMUNDA MARQUES GUIMARAES S/N;234;1163;30;ROMEU ZEMA NETO;2,80E+11;371;303;274;3
47635;LAVRAS;160;UNILAVRAS;RUA PADRE JOSE POGGEL 506;259;1139;13;LUIZ INÁCIO LULA DA SILVA;2,80E+11;358;284;274;96
47635;LAVRAS;160;ESCOLA ESTADUAL CINIRA DE CARVALHO;RUA AUGUSTO VIEIRA SILVA 440;264;1147;95;VOTO BRANCO;-1;389;308;287;5
47635;LAVRAS;160;ESCOLA ESTADUAL AZARIAS RIBEIRO;RUA  ORLANDINO PINTO RIBEIRO 254;66;1058;95;VOTO BRANCO;-1;355;268;252;7
47635;LAVRAS;160;E, M, PROFESSOR JOSE LUIZ DE MESQUITA;RUA CECILIA MEIRELES 101;232;1236;95;VOTO BRANCO;-1;368;284;259;7
47635;LAVRAS;160;COLEGIO TIRADENTES;COMANDANTE NELIO S/N;245;1171;70;AUGUSTO JORGE CURY;2,80E+11;377;278;260;15
47635;LAVRAS;160;ESCOLA ESTADUAL JOAO BATISTA HERMETO;RUA JAIR FERREIRA 285;182;1023;70;AUGUSTO JORGE CURY;2,80E+11;387;294;282;18
47635;LAVRAS;160;ESCOLA ESTADUAL FIRMINO COSTA;RUA BARBOSA LIMA 361;84;1082;13;LUIZ INÁCIO LULA DA SILVA;2,80E+11;389;276;266;101
47635;LAVRAS;160;ESCOLA ESTADUAL CRISTIANO DE SOUZA;AV, DUQUE DA ROCHA 501;261;1155;30;ROMEU ZEMA NETO;2,80E+11;389;303;281;3
47635;LAVRAS;160;E, M, PROFESSOR JOSE LUIZ DE MESQUITA;RUA CECILIA MEIRELES 101;266;1236;13;LUIZ INÁCIO LULA DA SILVA;2,80E+11;373;264;243;122
47635;LAVRAS;160;ESCOLA ESTADUAL AZARIAS RIBEIRO;RUA  ORLANDINO PINTO RIBEIRO 254;222;1058;30;ROMEU ZEMA NETO;2,80E+11;351;276;260;6
47635;LAVRAS;160;ESCOLA ESTADUAL JOAO BATISTA HERMETO;RUA JAIR FERREIRA 285;168;1023;13;LUIZ INÁCIO LULA DA SILVA;2,80E+11;386;309;286;111
47635;LAVRAS;160;ESCOLA ESTADUAL JOAO BATISTA HERMETO;RUA JAIR FERREIRA 285;44;1023;30;ROMEU ZEMA NETO;2,80E+11;389;286;262;3
47635;LAVRAS;160;INSTITUTO GAMMON;PÇA, DR, JORGE 370;157;1120;13;LUIZ INÁCIO LULA DA SILVA;2,80E+11;318;251;238;88
47635;LAVRAS;160;ESCOLA ESTADUAL AZARIAS RIBEIRO;RUA  ORLANDINO PINTO RIBEIRO 254;222;1058;95;VOTO BRANCO;-1;351;276;260;8
47635;LAVRAS;160;ESCOLA ESTADUAL CINIRA DE CARVALHO;RUA AUGUSTO VIEIRA SILVA 440;220;1147;30;ROMEU ZEMA NETO;2,80E+11;395;306;276;2
47635;LAVRAS;160;ESCOLA MUNICIPAL DOUTORA DAMINA;RUA PEDRO MOURA 269;31;1015;55;RONALDO RAMOS CAIADO;2,80E+11;341;255;242;5
47635;LAVRAS;160;ESCOLA ESTADUAL CINIRA DE CARVALHO;RUA AUGUSTO VIEIRA SILVA 440;240;1147;28;LEONARDO ALVES DE ARAUJO;2,80E+11;394;302;272;1
47635;LAVRAS;160;COLEGIO NOSSA SENHORA DE LOURDES;PRAÇA MONSENHOR DOMINGOS PINHEIRO 162;53;1031;16;HERTZ DA CONCEICAO DIAS;2,80E+11;312;243;230;1
47635;LAVRAS;160;ESCOLA MUNICIPAL  ALVARO BOTELHO;PCA, DOUTOR JORGE 130;187;1040;30;ROMEU ZEMA NETO;2,80E+11;331;244;228;1
47635;LAVRAS;160;COLEGIO TIRADENTES;COMANDANTE NELIO S/N;199;1171;13;LUIZ INÁCIO LULA DA SILVA;2,80E+11;379;309;295;103
47635;LAVRAS;160;COLEGIO NOSSA SENHORA DE LOURDES;PRAÇA MONSENHOR DOMINGOS PINHEIRO 162;47;1031;96;VOTO NULO;-1;315;235;223;7
47635;LAVRAS;160;ESCOLA MUNICIPAL PAULO MENICUCCI;RUA AGRIPINO AUGUSTO ANDRADE 425;116;1112;96;VOTO NULO;-1;273;198;181;10
47635;LAVRAS;160;ESCOLA ESTADUAL CINIRA DE CARVALHO;RUA AUGUSTO VIEIRA SILVA 440;230;1147;55;RONALDO RAMOS CAIADO;2,80E+11;392;305;275;4
47635;LAVRAS;160;INSTITUTO GAMMON;PÇA, DR, JORGE 370;118;1120;30;ROMEU ZEMA NETO;2,80E+11;315;230;217;6
47635;LAVRAS;160;ESCOLA MUNICIPAL PAULO MENICUCCI;RUA AGRIPINO AUGUSTO ANDRADE 425;154;1112;70;AUGUSTO JORGE CURY;2,80E+11;286;219;189;6
47635;LAVRAS;160;ESCOLA ESTADUAL CINIRA DE CARVALHO;RUA AUGUSTO VIEIRA SILVA 440;184;1147;30;ROMEU ZEMA NETO;2,80E+11;393;303;280;4
47635;LAVRAS;160;ESCOLA MUNICIPAL PADRE DEHON;AV, ANTONIO VAZ MONTEIRO, 338;106;1104;95;VOTO BRANCO;-1;379;283;263;6
47635;LAVRAS;160;ESCOLA MUNICIPAL JOSE SERAFIM;RUA HELIO LUCIO DO CARMO 10;214;1201;14;RENAN ANTONIO FERREIRA DOS SANTOS;2,80E+11;303;236;198;4
47635;LAVRAS;160;ESCOLA MUNICIPAL PAULO MENICUCCI;RUA AGRIPINO AUGUSTO ANDRADE 425;154;1112;95;VOTO BRANCO;-1;286;219;189;12
47635;LAVRAS;160;ESCOLA ESTADUAL CRISTIANO DE SOUZA;AV, DUQUE DA ROCHA 501;280;1155;95;VOTO BRANCO;-1;386;293;267;11
47635;LAVRAS;160;COLEGIO NOSSA SENHORA DE LOURDES;PRAÇA MONSENHOR DOMINGOS PINHEIRO 162;51;1031;14;RENAN ANTONIO FERREIRA DOS SANTOS;2,80E+11;316;240;231;9
47635;LAVRAS;160;CAIC - ESCOLA MUNICIPAL ITALIA CAUTIERO FRANCO;RUA RAIMUNDA MARQUES GUIMARAES S/N;234;1163;95;VOTO BRANCO;-1;371;303;274;7
47635;LAVRAS;160;ESCOLA MUNICIPAL  ALVARO BOTELHO;PCA, DOUTOR JORGE 130;55;1040;30;ROMEU ZEMA NETO;2,80E+11;328;231;219;2
47635;LAVRAS;160;COLEGIO TIRADENTES;COMANDANTE NELIO S/N;208;1171;13;LUIZ INÁCIO LULA DA SILVA;2,80E+11;381;303;287;87
47635;LAVRAS;160;ESCOLA MUNICIPAL UMBELINA AZEVEDO AVELLAR;AVENIDA ANISIO HADDAD, 10;243;1228;14;RENAN ANTONIO FERREIRA DOS SANTOS;2,80E+11;367;284;263;7
47635;LAVRAS;160;ESCOLA MUNICIPAL OSCAR BOTELHO;RUA JOAQUIM CARLOS ALVARENGA 268;79;1074;13;LUIZ INÁCIO LULA DA SILVA;2,80E+11;343;282;248;111
47635;LAVRAS;160;UNILAVRAS;RUA PADRE JOSE POGGEL 506;127;1139;95;VOTO BRANCO;-1;357;256;241;4
47635;LAVRAS;160;ESCOLA MUNICIPAL DOUTORA DAMINA;RUA PEDRO MOURA 269;34;1015;13;LUIZ INÁCIO LULA DA SILVA;2,80E+11;339;243;231;80
47635;LAVRAS;160;ESCOLA ESTADUAL CINIRA DE CARVALHO;RUA AUGUSTO VIEIRA SILVA 440;200;1147;14;RENAN ANTONIO FERREIRA DOS SANTOS;2,80E+11;395;305;278;9
47635;LAVRAS;160;ESCOLA ESTADUAL CRISTIANO DE SOUZA;AV, DUQUE DA ROCHA 501;254;1155;30;ROMEU ZEMA NETO;2,80E+11;390;301;274;3
47635;LAVRAS;160;ESCOLA ESTADUAL FIRMINO COSTA;RUA BARBOSA LIMA 361;82;1082;30;ROMEU ZEMA NETO;2,80E+11;392;278;262;4
47635;LAVRAS;160;ESCOLA ESTADUAL CINIRA DE CARVALHO;RUA AUGUSTO VIEIRA SILVA 440;178;1147;95;VOTO BRANCO;-1;397;317;292;7
47635;LAVRAS;160;E, M, PROFESSOR ÉDIO DO NASCIMENTO BIRINDIBA;ESTAÇÃO FERROVIÁRIA DO ITIRAPUAN;238;1244;30;ROMEU ZEMA NETO;2,80E+11;319;192;181;1
47635;LAVRAS;160;CAIC - ESCOLA MUNICIPAL ITALIA CAUTIERO FRANCO;RUA RAIMUNDA MARQUES GUIMARAES S/N;175;1163;30;ROMEU ZEMA NETO;2,80E+11;371;306;281;7
47635;LAVRAS;160;INSTITUTO GAMMON;PÇA, DR, JORGE 370;119;1120;30;ROMEU ZEMA NETO;2,80E+11;322;239;229;3
47635;LAVRAS;160;ESCOLA MUNICIPAL  ALVARO BOTELHO;PCA, DOUTOR JORGE 130;57;1040;55;RONALDO RAMOS CAIADO;2,80E+11;338;251;235;4
47635;LAVRAS;160;CAMPUS CARLOTA KEMPER;PRACA DR, AUGUSTO SILVA 616;160;1066;14;RENAN ANTONIO FERREIRA DOS SANTOS;2,80E+11;345;257;244;6
47635;LAVRAS;160;ESCOLA MUNICIPAL OSCAR BOTELHO;RUA JOAQUIM CARLOS ALVARENGA 268;75;1074;55;RONALDO RAMOS CAIADO;2,80E+11;343;241;214;1
47635;LAVRAS;160;ESCOLA ESTADUAL CRISTIANO DE SOUZA;AV, DUQUE DA ROCHA 501;197;1155;55;RONALDO RAMOS CAIADO;2,80E+11;385;295;264;8
47635;LAVRAS;160;ESCOLA ESTADUAL FIRMINO COSTA;RUA BARBOSA LIMA 361;84;1082;55;RONALDO RAMOS CAIADO;2,80E+11;389;276;266;4
47635;LAVRAS;160;INSTITUTO GAMMON;PÇA, DR, JORGE 370;117;1120;55;RONALDO RAMOS CAIADO;2,80E+11;321;226;214;2
47635;LAVRAS;160;E, M, PROFESSOR JOSE LUIZ DE MESQUITA;RUA CECILIA MEIRELES 101;283;1236;55;RONALDO RAMOS CAIADO;2,80E+11;369;268;241;3
47635;LAVRAS;160;ESCOLA ESTADUAL CRISTIANO DE SOUZA;AV, DUQUE DA ROCHA 501;236;1155;27;CLARIANA ZACARKIM BARAO;2,80E+11;391;319;303;1
47635;LAVRAS;160;ESCOLA ESTADUAL FIRMINO COSTA;RUA BARBOSA LIMA 361;80;1082;96;VOTO NULO;-1;381;268;248;13
47635;LAVRAS;160;ESCOLA MUNICIPAL UMBELINA AZEVEDO AVELLAR;AVENIDA ANISIO HADDAD, 10;279;1228;27;CLARIANA ZACARKIM BARAO;2,80E+11;385;277;257;1
47635;LAVRAS;160;ESCOLA MUNICIPAL PAULO MENICUCCI;RUA AGRIPINO AUGUSTO ANDRADE 425;203;1112;55;RONALDO RAMOS CAIADO;2,80E+11;283;234;215;6
47635;LAVRAS;160;ESCOLA ESTADUAL TIRADENTES;RUA COMANDANTE NÉLIO, N, 07;269;1260;55;RONALDO RAMOS CAIADO;2,80E+11;389;305;287;3
47635;LAVRAS;160;ESCOLA ESTADUAL AZARIAS RIBEIRO;RUA  ORLANDINO PINTO RIBEIRO 254;66;1058;55;RONALDO RAMOS CAIADO;2,80E+11;355;268;252;6
47635;LAVRAS;160;ESCOLA MUNICIPAL PADRE DEHON;AV, ANTONIO VAZ MONTEIRO, 338;262;1104;55;RONALDO RAMOS CAIADO;2,80E+11;379;299;285;3
47635;LAVRAS;160;ESCOLA MUNICIPAL PAULO LOURENCO MENICUCCI;RUA LUIZ CARLOS DE SOUZA 33;212;1210;13;LUIZ INÁCIO LULA DA SILVA;2,80E+11;378;294;264;122
47635;LAVRAS;160;ESCOLA MUNICIPAL OSCAR BOTELHO;RUA JOAQUIM CARLOS ALVARENGA 268;76;1074;96;VOTO NULO;-1;343;255;231;10
47635;LAVRAS;160;ESCOLA ESTADUAL CRISTIANO DE SOUZA;AV, DUQUE DA ROCHA 501;241;1155;30;ROMEU ZEMA NETO;2,80E+11;384;301;276;1
47635;LAVRAS;160;ESCOLA ESTADUAL JOAO BATISTA HERMETO;RUA JAIR FERREIRA 285;40;1023;13;LUIZ INÁCIO LULA DA SILVA;2,80E+11;389;299;279;106
47635;LAVRAS;160;ESCOLA ESTADUAL CINIRA DE CARVALHO;RUA AUGUSTO VIEIRA SILVA 440;166;1147;14;RENAN ANTONIO FERREIRA DOS SANTOS;2,80E+11;394;311;283;6
47635;LAVRAS;160;CAMPUS CARLOTA KEMPER;PRACA DR, AUGUSTO SILVA 616;183;1066;70;AUGUSTO JORGE CURY;2,80E+11;345;263;247;7
47635;LAVRAS;160;CAMPUS CARLOTA KEMPER;PRACA DR, AUGUSTO SILVA 616;91;1066;96;VOTO NULO;-1;344;239;228;8
47635;LAVRAS;160;ESCOLA MUNICIPAL PAULO MENICUCCI;RUA AGRIPINO AUGUSTO ANDRADE 425;154;1112;27;CLARIANA ZACARKIM BARAO;2,80E+11;286;219;189;1
47635;LAVRAS;160;ESCOLA MUNICIPAL  ALVARO BOTELHO;PCA, DOUTOR JORGE 130;55;1040;27;CLARIANA ZACARKIM BARAO;2,80E+11;328;231;219;1
47635;LAVRAS;160;E, M, PROFESSOR JOSE LUIZ DE MESQUITA;RUA CECILIA MEIRELES 101;283;1236;96;VOTO NULO;-1;369;268;241;16
47635;LAVRAS;160;ESCOLA MUNICIPAL OSCAR BOTELHO;RUA JOAQUIM CARLOS ALVARENGA 268;177;1074;96;VOTO NULO;-1;340;274;247;14
47635;LAVRAS;160;INSTITUTO GAMMON;PÇA, DR, JORGE 370;173;1120;96;VOTO NULO;-1;319;257;243;7
47635;LAVRAS;160;COLEGIO NOSSA SENHORA DE LOURDES;PRAÇA MONSENHOR DOMINGOS PINHEIRO 162;172;1031;96;VOTO NULO;-1;314;253;244;6
47635;LAVRAS;160;INSTITUTO GAMMON;PÇA, DR, JORGE 370;122;1120;96;VOTO NULO;-1;318;241;230;8
47635;LAVRAS;160;ESCOLA ESTADUAL CINIRA DE CARVALHO;RUA AUGUSTO VIEIRA SILVA 440;264;1147;80;SAMARA MARTINS DA SILVA FEITOSA;2,80E+11;389;308;287;1
47635;LAVRAS;160;ESCOLA MUNICIPAL OSCAR BOTELHO;RUA JOAQUIM CARLOS ALVARENGA 268;77;1074;14;RENAN ANTONIO FERREIRA DOS SANTOS;2,80E+11;341;247;222;3
47635;LAVRAS;160;ESCOLA ESTADUAL AZARIAS RIBEIRO;RUA  ORLANDINO PINTO RIBEIRO 254;64;1058;96;VOTO NULO;-1;355;256;223;20
47635;LAVRAS;160;COLEGIO NOSSA SENHORA DE LOURDES;PRAÇA MONSENHOR DOMINGOS PINHEIRO 162;53;1031;55;RONALDO RAMOS CAIADO;2,80E+11;312;243;230;5
47635;LAVRAS;160;ESCOLA MUNICIPAL OSCAR BOTELHO;RUA JOAQUIM CARLOS ALVARENGA 268;177;1074;95;VOTO BRANCO;-1;340;274;247;13
47635;LAVRAS;160;ESCOLA ESTADUAL CINIRA DE CARVALHO;RUA AUGUSTO VIEIRA SILVA 440;178;1147;14;RENAN ANTONIO FERREIRA DOS SANTOS;2,80E+11;397;317;292;11
47635;LAVRAS;160;ESCOLA MUNICIPAL DOUTORA DAMINA;RUA PEDRO MOURA 269;170;1015;22;FLAVIO NANTES BOLSONARO;2,80E+11;337;250;237;135
47635;LAVRAS;160;ESCOLA ESTADUAL AZARIAS RIBEIRO;RUA  ORLANDINO PINTO RIBEIRO 254;198;1058;22;FLAVIO NANTES BOLSONARO;2,80E+11;343;268;253;129
47635;LAVRAS;160;ESCOLA MUNICIPAL UMBELINA AZEVEDO AVELLAR;AVENIDA ANISIO HADDAD, 10;279;1228;22;FLAVIO NANTES BOLSONARO;2,80E+11;385;277;257;129
47635;LAVRAS;160;CAMPUS CARLOTA KEMPER;PRACA DR, AUGUSTO SILVA 616;253;1066;70;AUGUSTO JORGE CURY;2,80E+11;344;268;262;11
47635;LAVRAS;160;COLEGIO TIRADENTES;COMANDANTE NELIO S/N;231;1171;13;LUIZ INÁCIO LULA DA SILVA;2,80E+11;374;294;275;82
47635;LAVRAS;160;INSTITUTO GAMMON;PÇA, DR, JORGE 370;125;1120;30;ROMEU ZEMA NETO;2,80E+11;319;246;237;4
47635;LAVRAS;160;E, M, PROFESSOR ÉDIO DO NASCIMENTO BIRINDIBA;ESTAÇÃO FERROVIÁRIA DO ITIRAPUAN;238;1244;14;RENAN ANTONIO FERREIRA DOS SANTOS;2,80E+11;319;192;181;2
47635;LAVRAS;160;INSTITUTO GAMMON;PÇA, DR, JORGE 370;124;1120;70;AUGUSTO JORGE CURY;2,80E+11;321;223;210;2
47635;LAVRAS;160;ESCOLA MUNICIPAL DOUTORA DAMINA;RUA PEDRO MOURA 269;170;1015;13;LUIZ INÁCIO LULA DA SILVA;2,80E+11;337;250;237;88
47635;LAVRAS;160;ESCOLA ESTADUAL FIRMINO COSTA;RUA BARBOSA LIMA 361;88;1082;96;VOTO NULO;-1;389;289;274;9
47635;LAVRAS;160;CAIC - ESCOLA MUNICIPAL ITALIA CAUTIERO FRANCO;RUA RAIMUNDA MARQUES GUIMARAES S/N;102;1163;96;VOTO NULO;-1;376;275;259;8
47635;LAVRAS;160;ESCOLA MUNICIPAL OSCAR BOTELHO;RUA JOAQUIM CARLOS ALVARENGA 268;78;1074;70;AUGUSTO JORGE CURY;2,80E+11;341;220;198;8
47635;LAVRAS;160;ESCOLA MUNICIPAL PAULO LOURENCO MENICUCCI;RUA LUIZ CARLOS DE SOUZA 33;276;1210;14;RENAN ANTONIO FERREIRA DOS SANTOS;2,80E+11;381;304;277;15
47635;LAVRAS;160;ESCOLA MUNICIPAL  ALVARO BOTELHO;PCA, DOUTOR JORGE 130;56;1040;16;HERTZ DA CONCEICAO DIAS;2,80E+11;332;258;242;1
47635;LAVRAS;160;CAMPUS CARLOTA KEMPER;PRACA DR, AUGUSTO SILVA 616;183;1066;80;SAMARA MARTINS DA SILVA FEITOSA;2,80E+11;345;263;247;1
47635;LAVRAS;160;ESCOLA ESTADUAL FIRMINO COSTA;RUA BARBOSA LIMA 361;82;1082;96;VOTO NULO;-1;392;278;262;12
47635;LAVRAS;160;ESCOLA ESTADUAL FIRMINO COSTA;RUA BARBOSA LIMA 361;86;1082;96;VOTO NULO;-1;388;292;272;15
47635;LAVRAS;160;ESCOLA MUNICIPAL DOUTORA DAMINA;RUA PEDRO MOURA 269;210;1015;96;VOTO NULO;-1;331;259;239;10
47635;LAVRAS;160;ESCOLA ESTADUAL AZARIAS RIBEIRO;RUA  ORLANDINO PINTO RIBEIRO 254;67;1058;96;VOTO NULO;-1;352;266;243;14
47635;LAVRAS;160;INSTITUTO GAMMON;PÇA, DR, JORGE 370;124;1120;96;VOTO NULO;-1;321;223;210;11
47635;LAVRAS;160;UNILAVRAS;RUA PADRE JOSE POGGEL 506;259;1139;96;VOTO NULO;-1;358;284;274;7
47635;LAVRAS;160;INSTITUTO GAMMON;PÇA, DR, JORGE 370;117;1120;14;RENAN ANTONIO FERREIRA DOS SANTOS;2,80E+11;321;226;214;5
47635;LAVRAS;160;ESCOLA ESTADUAL AZARIAS RIBEIRO;RUA  ORLANDINO PINTO RIBEIRO 254;61;1058;13;LUIZ INÁCIO LULA DA SILVA;2,80E+11;354;245;229;102
47635;LAVRAS;160;ESCOLA MUNICIPAL JOSE SERAFIM;RUA HELIO LUCIO DO CARMO 10;273;1201;30;ROMEU ZEMA NETO;2,80E+11;306;224;188;1
47635;LAVRAS;160;ESCOLA MUNICIPAL FRANCISCO SALES;RUA SANTOS PENONI S/N;101;1090;13;LUIZ INÁCIO LULA DA SILVA;2,80E+11;396;295;269;111
47635;LAVRAS;160;COLEGIO NOSSA SENHORA DE LOURDES;PRAÇA MONSENHOR DOMINGOS PINHEIRO 162;151;1031;96;VOTO NULO;-1;317;249;233;7
47635;LAVRAS;160;ESCOLA MUNICIPAL OSCAR BOTELHO;RUA JOAQUIM CARLOS ALVARENGA 268;164;1074;96;VOTO NULO;-1;343;271;251;14
47635;LAVRAS;160;INSTITUTO GAMMON;PÇA, DR, JORGE 370;117;1120;96;VOTO NULO;-1;321;226;214;11
47635;LAVRAS;160;ESCOLA ESTADUAL CINIRA DE CARVALHO;RUA AUGUSTO VIEIRA SILVA 440;161;1147;96;VOTO NULO;-1;398;284;266;11
47635;LAVRAS;160;INSTITUTO GAMMON;PÇA, DR, JORGE 370;118;1120;96;VOTO NULO;-1;315;230;217;5
47635;LAVRAS;160;ESCOLA MUNICIPAL PAULO LOURENCO MENICUCCI;RUA LUIZ CARLOS DE SOUZA 33;212;1210;22;FLAVIO NANTES BOLSONARO;2,80E+11;378;294;264;111
47635;LAVRAS;160;ESCOLA MUNICIPAL PAULO MENICUCCI;RUA AGRIPINO AUGUSTO ANDRADE 425;194;1112;22;FLAVIO NANTES BOLSONARO;2,80E+11;274;225;205;113
47635;LAVRAS;160;ESCOLA ESTADUAL FIRMINO COSTA;RUA BARBOSA LIMA 361;192;1082;14;RENAN ANTONIO FERREIRA DOS SANTOS;2,80E+11;389;297;280;8
47635;LAVRAS;160;ESCOLA MUNICIPAL FRANCISCO SALES;RUA SANTOS PENONI S/N;99;1090;22;FLAVIO NANTES BOLSONARO;2,80E+11;397;288;259;129
47635;LAVRAS;160;ESCOLA MUNICIPAL PADRE DEHON;AV, ANTONIO VAZ MONTEIRO, 338;105;1104;22;FLAVIO NANTES BOLSONARO;2,80E+11;383;293;275;142
47635;LAVRAS;160;ESCOLA MUNICIPAL OSCAR BOTELHO;RUA JOAQUIM CARLOS ALVARENGA 268;79;1074;14;RENAN ANTONIO FERREIRA DOS SANTOS;2,80E+11;343;282;248;1
47635;LAVRAS;160;INSTITUTO GAMMON;PÇA, DR, JORGE 370;117;1120;22;FLAVIO NANTES BOLSONARO;2,80E+11;321;226;214;114
47635;LAVRAS;160;CAMPUS CARLOTA KEMPER;PRACA DR, AUGUSTO SILVA 616;253;1066;22;FLAVIO NANTES BOLSONARO;2,80E+11;344;268;262;127
47635;LAVRAS;160;ESCOLA ESTADUAL JOAO BATISTA HERMETO;RUA JAIR FERREIRA 285;41;1023;22;FLAVIO NANTES BOLSONARO;2,80E+11;391;302;283;141
47635;LAVRAS;160;ESCOLA ESTADUAL FIRMINO COSTA;RUA BARBOSA LIMA 361;84;1082;22;FLAVIO NANTES BOLSONARO;2,80E+11;389;276;266;135
47635;LAVRAS;160;INSTITUTO GAMMON;PÇA, DR, JORGE 370;173;1120;22;FLAVIO NANTES BOLSONARO;2,80E+11;319;257;243;128
47635;LAVRAS;160;UNILAVRAS;RUA PADRE JOSE POGGEL 506;129;1139;70;AUGUSTO JORGE CURY;2,80E+11;358;277;265;7
47635;LAVRAS;160;ESCOLA ESTADUAL FIRMINO COSTA;RUA BARBOSA LIMA 361;90;1082;95;VOTO BRANCO;-1;388;283;269;3
47635;LAVRAS;160;ESCOLA ESTADUAL AZARIAS RIBEIRO;RUA  ORLANDINO PINTO RIBEIRO 254;270;1058;95;VOTO BRANCO;-1;353;273;254;7
47635;LAVRAS;160;ESCOLA MUNICIPAL OSCAR BOTELHO;RUA JOAQUIM CARLOS ALVARENGA 268;263;1074;95;VOTO BRANCO;-1;340;255;224;11
47635;LAVRAS;160;ESCOLA ESTADUAL TIRADENTES;RUA COMANDANTE NÉLIO, N, 07;277;1260;95;VOTO BRANCO;-1;394;312;299;6
47635;LAVRAS;160;ESCOLA MUNICIPAL PAULO MENICUCCI;RUA AGRIPINO AUGUSTO ANDRADE 425;116;1112;95;VOTO BRANCO;-1;273;198;181;7
47635;LAVRAS;160;ESCOLA MUNICIPAL PAULO LOURENCO MENICUCCI;RUA LUIZ CARLOS DE SOUZA 33;235;1210;70;AUGUSTO JORGE CURY;2,80E+11;380;299;262;9
47635;LAVRAS;160;ESCOLA MUNICIPAL PAULO MENICUCCI;RUA AGRIPINO AUGUSTO ANDRADE 425;109;1112;70;AUGUSTO JORGE CURY;2,80E+11;270;188;168;11
47635;LAVRAS;160;CAIC - ESCOLA MUNICIPAL ITALIA CAUTIERO FRANCO;RUA RAIMUNDA MARQUES GUIMARAES S/N;104;1163;95;VOTO BRANCO;-1;375;309;292;9
47635;LAVRAS;160;ESCOLA ESTADUAL CINIRA DE CARVALHO;RUA AUGUSTO VIEIRA SILVA 440;249;1147;70;AUGUSTO JORGE CURY;2,80E+11;395;296;275;9
47635;LAVRAS;160;CAIC - ESCOLA MUNICIPAL ITALIA CAUTIERO FRANCO;RUA RAIMUNDA MARQUES GUIMARAES S/N;103;1163;13;LUIZ INÁCIO LULA DA SILVA;2,80E+11;371;268;249;111
47635;LAVRAS;160;UNILAVRAS;RUA PADRE JOSE POGGEL 506;129;1139;22;FLAVIO NANTES BOLSONARO;2,80E+11;358;277;265;152
47635;LAVRAS;160;COLEGIO TIRADENTES;COMANDANTE NELIO S/N;189;1171;13;LUIZ INÁCIO LULA DA SILVA;2,80E+11;379;287;278;84
47635;LAVRAS;160;ESCOLA ESTADUAL FIRMINO COSTA;RUA BARBOSA LIMA 361;82;1082;70;AUGUSTO JORGE CURY;2,80E+11;392;278;262;10
47635;LAVRAS;160;UNILAVRAS;RUA PADRE JOSE POGGEL 506;282;1139;13;LUIZ INÁCIO LULA DA SILVA;2,80E+11;360;286;275;96
47635;LAVRAS;160;E, M, PROFESSOR JOSE LUIZ DE MESQUITA;RUA CECILIA MEIRELES 101;283;1236;13;LUIZ INÁCIO LULA DA SILVA;2,80E+11;369;268;241;121
47635;LAVRAS;160;ESCOLA MUNICIPAL PAULO MENICUCCI;RUA AGRIPINO AUGUSTO ANDRADE 425;203;1112;70;AUGUSTO JORGE CURY;2,80E+11;283;234;215;7
47635;LAVRAS;160;COLEGIO TIRADENTES;COMANDANTE NELIO S/N;189;1171;30;ROMEU ZEMA NETO;2,80E+11;379;287;278;4
47635;LAVRAS;160;ESCOLA MUNICIPAL OSCAR BOTELHO;RUA JOAQUIM CARLOS ALVARENGA 268;177;1074;30;ROMEU ZEMA NETO;2,80E+11;340;274;247;2
47635;LAVRAS;160;ESCOLA MUNICIPAL  ALVARO BOTELHO;PCA, DOUTOR JORGE 130;56;1040;70;AUGUSTO JORGE CURY;2,80E+11;332;258;242;5
47635;LAVRAS;160;ESCOLA MUNICIPAL PADRE DEHON;AV, ANTONIO VAZ MONTEIRO, 338;107;1104;13;LUIZ INÁCIO LULA DA SILVA;2,80E+11;379;296;274;100
47635;LAVRAS;160;UNILAVRAS;RUA PADRE JOSE POGGEL 506;226;1139;14;RENAN ANTONIO FERREIRA DOS SANTOS;2,80E+11;355;268;262;5
47635;LAVRAS;160;ESCOLA MUNICIPAL OSCAR BOTELHO;RUA JOAQUIM CARLOS ALVARENGA 268;164;1074;22;FLAVIO NANTES BOLSONARO;2,80E+11;343;271;251;100
47635;LAVRAS;160;INSTITUTO GAMMON;PÇA, DR, JORGE 370;125;1120;22;FLAVIO NANTES BOLSONARO;2,80E+11;319;246;237;113
47635;LAVRAS;160;CAIC - ESCOLA MUNICIPAL ITALIA CAUTIERO FRANCO;RUA RAIMUNDA MARQUES GUIMARAES S/N;159;1163;95;VOTO BRANCO;-1;371;309;285;8
47635;LAVRAS;160;ESCOLA ESTADUAL CRISTIANO DE SOUZA;AV, DUQUE DA ROCHA 501;204;1155;13;LUIZ INÁCIO LULA DA SILVA;2,80E+11;393;308;280;138
47635;LAVRAS;160;E, M, PROFESSOR JOSE LUIZ DE MESQUITA;RUA CECILIA MEIRELES 101;266;1236;95;VOTO BRANCO;-1;373;264;243;11
47635;LAVRAS;160;CAIC - ESCOLA MUNICIPAL ITALIA CAUTIERO FRANCO;RUA RAIMUNDA MARQUES GUIMARAES S/N;104;1163;29;RUI COSTA PIMENTA;2,80E+11;375;309;292;1
47635;LAVRAS;160;UNILAVRAS;RUA PADRE JOSE POGGEL 506;128;1139;30;ROMEU ZEMA NETO;2,80E+11;358;279;262;1
47635;LAVRAS;160;CAIC - ESCOLA MUNICIPAL ITALIA CAUTIERO FRANCO;RUA RAIMUNDA MARQUES GUIMARAES S/N;102;1163;70;AUGUSTO JORGE CURY;2,80E+11;376;275;259;7
47635;LAVRAS;160;COLEGIO NOSSA SENHORA DE LOURDES;PRAÇA MONSENHOR DOMINGOS PINHEIRO 162;49;1031;22;FLAVIO NANTES BOLSONARO;2,80E+11;315;233;226;113
47635;LAVRAS;160;UNILAVRAS;RUA PADRE JOSE POGGEL 506;176;1139;14;RENAN ANTONIO FERREIRA DOS SANTOS;2,80E+11;355;281;274;9
47635;LAVRAS;160;ESCOLA MUNICIPAL FRANCISCO SALES;RUA SANTOS PENONI S/N;100;1090;14;RENAN ANTONIO FERREIRA DOS SANTOS;2,80E+11;399;284;264;6
47635;LAVRAS;160;CAIC - ESCOLA MUNICIPAL ITALIA CAUTIERO FRANCO;RUA RAIMUNDA MARQUES GUIMARAES S/N;104;1163;70;AUGUSTO JORGE CURY;2,80E+11;375;309;292;19
47635;LAVRAS;160;COLEGIO NOSSA SENHORA DE LOURDES;PRAÇA MONSENHOR DOMINGOS PINHEIRO 162;52;1031;70;AUGUSTO JORGE CURY;2,80E+11;313;240;232;10
47635;LAVRAS;160;ESCOLA MUNICIPAL DOUTORA DAMINA;RUA PEDRO MOURA 269;170;1015;70;AUGUSTO JORGE CURY;2,80E+11;337;250;237;6
47635;LAVRAS;160;ESCOLA ESTADUAL JOAO BATISTA HERMETO;RUA JAIR FERREIRA 285;42;1023;35;WILSON GRASSI JUNIOR;2,80E+11;387;282;260;1
47635;LAVRAS;160;COLEGIO TIRADENTES;COMANDANTE NELIO S/N;152;1171;95;VOTO BRANCO;-1;382;309;295;6
47635;LAVRAS;160;ESCOLA MUNICIPAL FRANCISCO SALES;RUA SANTOS PENONI S/N;99;1090;14;RENAN ANTONIO FERREIRA DOS SANTOS;2,80E+11;397;288;259;4
47635;LAVRAS;160;ESCOLA ESTADUAL CINIRA DE CARVALHO;RUA AUGUSTO VIEIRA SILVA 440;174;1147;14;RENAN ANTONIO FERREIRA DOS SANTOS;2,80E+11;394;308;288;9
47635;LAVRAS;160;ESCOLA ESTADUAL CRISTIANO DE SOUZA;AV, DUQUE DA ROCHA 501;261;1155;14;RENAN ANTONIO FERREIRA DOS SANTOS;2,80E+11;389;303;281;6
47635;LAVRAS;160;ESCOLA MUNICIPAL OSCAR BOTELHO;RUA JOAQUIM CARLOS ALVARENGA 268;74;1074;22;FLAVIO NANTES BOLSONARO;2,80E+11;341;245;207;70
47635;LAVRAS;160;ESCOLA MUNICIPAL OSCAR BOTELHO;RUA JOAQUIM CARLOS ALVARENGA 268;78;1074;30;ROMEU ZEMA NETO;2,80E+11;341;220;198;1
47635;LAVRAS;160;CAMPUS CARLOTA KEMPER;PRACA DR, AUGUSTO SILVA 616;73;1066;95;VOTO BRANCO;-1;346;262;247;4
47635;LAVRAS;160;ESCOLA ESTADUAL CINIRA DE CARVALHO;RUA AUGUSTO VIEIRA SILVA 440;272;1147;14;RENAN ANTONIO FERREIRA DOS SANTOS;2,80E+11;394;296;269;19
47635;LAVRAS;160;INSTITUTO GAMMON;PÇA, DR, JORGE 370;190;1120;14;RENAN ANTONIO FERREIRA DOS SANTOS;2,80E+11;319;261;243;3
47635;LAVRAS;160;ESCOLA MUNICIPAL  ALVARO BOTELHO;PCA, DOUTOR JORGE 130;55;1040;22;FLAVIO NANTES BOLSONARO;2,80E+11;328;231;219;110
47635;LAVRAS;160;ESCOLA MUNICIPAL OSCAR BOTELHO;RUA JOAQUIM CARLOS ALVARENGA 268;75;1074;22;FLAVIO NANTES BOLSONARO;2,80E+11;343;241;214;93
47635;LAVRAS;160;ESCOLA ESTADUAL JOAO BATISTA HERMETO;RUA JAIR FERREIRA 285;44;1023;55;RONALDO RAMOS CAIADO;2,80E+11;389;286;262;5
47635;LAVRAS;160;ESCOLA ESTADUAL JOAO BATISTA HERMETO;RUA JAIR FERREIRA 285;278;1023;55;RONALDO RAMOS CAIADO;2,80E+11;389;293;274;4
47635;LAVRAS;160;COLEGIO NOSSA SENHORA DE LOURDES;PRAÇA MONSENHOR DOMINGOS PINHEIRO 162;172;1031;22;FLAVIO NANTES BOLSONARO;2,80E+11;314;253;244;131
47635;LAVRAS;160;ESCOLA ESTADUAL CINIRA DE CARVALHO;RUA AUGUSTO VIEIRA SILVA 440;240;1147;22;FLAVIO NANTES BOLSONARO;2,80E+11;394;302;272;145
47635;LAVRAS;160;ESCOLA MUNICIPAL PAULO MENICUCCI;RUA AGRIPINO AUGUSTO ANDRADE 425;203;1112;22;FLAVIO NANTES BOLSONARO;2,80E+11;283;234;215;95
47635;LAVRAS;160;CAMPUS CARLOTA KEMPER;PRACA DR, AUGUSTO SILVA 616;73;1066;14;RENAN ANTONIO FERREIRA DOS SANTOS;2,80E+11;346;262;247;10
47635;LAVRAS;160;INSTITUTO GAMMON;PÇA, DR, JORGE 370;121;1120;22;FLAVIO NANTES BOLSONARO;2,80E+11;319;251;234;116
47635;LAVRAS;160;INSTITUTO GAMMON;PÇA, DR, JORGE 370;124;1120;22;FLAVIO NANTES BOLSONARO;2,80E+11;321;223;210;110
47635;LAVRAS;160;COLEGIO TIRADENTES;COMANDANTE NELIO S/N;245;1171;14;RENAN ANTONIO FERREIRA DOS SANTOS;2,80E+11;377;278;260;4
47635;LAVRAS;160;CAIC - ESCOLA MUNICIPAL ITALIA CAUTIERO FRANCO;RUA RAIMUNDA MARQUES GUIMARAES S/N;202;1163;14;RENAN ANTONIO FERREIRA DOS SANTOS;2,80E+11;371;305;286;10
47635;LAVRAS;160;ESCOLA ESTADUAL CRISTIANO DE SOUZA;AV, DUQUE DA ROCHA 501;225;1155;13;LUIZ INÁCIO LULA DA SILVA;2,80E+11;390;295;274;130
47635;LAVRAS;160;ESCOLA ESTADUAL CRISTIANO DE SOUZA;AV, DUQUE DA ROCHA 501;254;1155;13;LUIZ INÁCIO LULA DA SILVA;2,80E+11;390;301;274;122
47635;LAVRAS;160;ESCOLA MUNICIPAL JOSE SERAFIM;RUA HELIO LUCIO DO CARMO 10;227;1201;27;CLARIANA ZACARKIM BARAO;2,80E+11;302;229;207;1
47635;LAVRAS;160;ESCOLA ESTADUAL TIRADENTES;RUA COMANDANTE NÉLIO, N, 07;281;1260;55;RONALDO RAMOS CAIADO;2,80E+11;392;286;273;4
47635;LAVRAS;160;COLEGIO NOSSA SENHORA DE LOURDES;PRAÇA MONSENHOR DOMINGOS PINHEIRO 162;49;1031;96;VOTO NULO;-1;315;233;226;4
47635;LAVRAS;160;ESCOLA ESTADUAL FIRMINO COSTA;RUA BARBOSA LIMA 361;85;1082;55;RONALDO RAMOS CAIADO;2,80E+11;389;279;263;2
47635;LAVRAS;160;ESCOLA ESTADUAL CINIRA DE CARVALHO;RUA AUGUSTO VIEIRA SILVA 440;200;1147;96;VOTO NULO;-1;395;305;278;16
47635;LAVRAS;160;ESCOLA ESTADUAL JOAO BATISTA HERMETO;RUA JAIR FERREIRA 285;45;1023;55;RONALDO RAMOS CAIADO;2,80E+11;390;292;263;3
47635;LAVRAS;160;ESCOLA ESTADUAL CINIRA DE CARVALHO;RUA AUGUSTO VIEIRA SILVA 440;174;1147;55;RONALDO RAMOS CAIADO;2,80E+11;394;308;288;5
47635;LAVRAS;160;ESCOLA MUNICIPAL PAULO MENICUCCI;RUA AGRIPINO AUGUSTO ANDRADE 425;217;1112;55;RONALDO RAMOS CAIADO;2,80E+11;283;226;199;3
47635;LAVRAS;160;UNILAVRAS;RUA PADRE JOSE POGGEL 506;129;1139;14;RENAN ANTONIO FERREIRA DOS SANTOS;2,80E+11;358;277;265;6
47635;LAVRAS;160;ESCOLA ESTADUAL CINIRA DE CARVALHO;RUA AUGUSTO VIEIRA SILVA 440;200;1147;30;ROMEU ZEMA NETO;2,80E+11;395;305;278;6
47635;LAVRAS;160;E, M, PROFESSOR JOSE LUIZ DE MESQUITA;RUA CECILIA MEIRELES 101;266;1236;22;FLAVIO NANTES BOLSONARO;2,80E+11;373;264;243;95
47635;LAVRAS;160;CAMPUS CARLOTA KEMPER;PRACA DR, AUGUSTO SILVA 616;73;1066;30;ROMEU ZEMA NETO;2,80E+11;346;262;247;4
47635;LAVRAS;160;ESCOLA MUNICIPAL FRANCISCO SALES;RUA SANTOS PENONI S/N;101;1090;95;VOTO BRANCO;-1;396;295;269;10
47635;LAVRAS;160;ESCOLA ESTADUAL JOAO BATISTA HERMETO;RUA JAIR FERREIRA 285;41;1023;13;LUIZ INÁCIO LULA DA SILVA;2,80E+11;391;302;283;112
47635;LAVRAS;160;ESCOLA ESTADUAL AZARIAS RIBEIRO;RUA  ORLANDINO PINTO RIBEIRO 254;244;1058;13;LUIZ INÁCIO LULA DA SILVA;2,80E+11;352;286;268;106
47635;LAVRAS;160;ESCOLA MUNICIPAL OSCAR BOTELHO;RUA JOAQUIM CARLOS ALVARENGA 268;188;1074;22;FLAVIO NANTES BOLSONARO;2,80E+11;344;271;244;111
47635;LAVRAS;160;E, M, PROFESSOR JOSE LUIZ DE MESQUITA;RUA CECILIA MEIRELES 101;228;1236;55;RONALDO RAMOS CAIADO;2,80E+11;373;276;262;5
47635;LAVRAS;160;ESCOLA ESTADUAL CINIRA DE CARVALHO;RUA AUGUSTO VIEIRA SILVA 440;264;1147;55;RONALDO RAMOS CAIADO;2,80E+11;389;308;287;6
47635;LAVRAS;160;ESCOLA ESTADUAL AZARIAS RIBEIRO;RUA  ORLANDINO PINTO RIBEIRO 254;198;1058;13;LUIZ INÁCIO LULA DA SILVA;2,80E+11;343;268;253;103
47635;LAVRAS;160;ESCOLA MUNICIPAL FRANCISCO SALES;RUA SANTOS PENONI S/N;98;1090;14;RENAN ANTONIO FERREIRA DOS SANTOS;2,80E+11;396;273;257;10
47635;LAVRAS;160;ESCOLA ESTADUAL CRISTIANO DE SOUZA;AV, DUQUE DA ROCHA 501;254;1155;55;RONALDO RAMOS CAIADO;2,80E+11;390;301;274;6
47635;LAVRAS;160;CAMPUS CARLOTA KEMPER;PRACA DR, AUGUSTO SILVA 616;93;1066;55;RONALDO RAMOS CAIADO;2,80E+11;346;243;233;6
47635;LAVRAS;160;ESCOLA ESTADUAL AZARIAS RIBEIRO;RUA  ORLANDINO PINTO RIBEIRO 254;61;1058;14;RENAN ANTONIO FERREIRA DOS SANTOS;2,80E+11;354;245;229;4
47635;LAVRAS;160;ESCOLA ESTADUAL FIRMINO COSTA;RUA BARBOSA LIMA 361;85;1082;14;RENAN ANTONIO FERREIRA DOS SANTOS;2,80E+11;389;279;263;5
47635;LAVRAS;160;CAIC - ESCOLA MUNICIPAL ITALIA CAUTIERO FRANCO;RUA RAIMUNDA MARQUES GUIMARAES S/N;218;1163;55;RONALDO RAMOS CAIADO;2,80E+11;371;292;270;6
47635;LAVRAS;160;ESCOLA ESTADUAL AZARIAS RIBEIRO;RUA  ORLANDINO PINTO RIBEIRO 254;65;1058;13;LUIZ INÁCIO LULA DA SILVA;2,80E+11;349;268;250;128
47635;LAVRAS;160;CAMPUS CARLOTA KEMPER;PRACA DR, AUGUSTO SILVA 616;73;1066;22;FLAVIO NANTES BOLSONARO;2,80E+11;346;262;247;143
47635;LAVRAS;160;ESCOLA ESTADUAL CINIRA DE CARVALHO;RUA AUGUSTO VIEIRA SILVA 440;240;1147;96;VOTO NULO;-1;394;302;272;19
47635;LAVRAS;160;ESCOLA ESTADUAL FIRMINO COSTA;RUA BARBOSA LIMA 361;89;1082;96;VOTO NULO;-1;391;284;271;7
47635;LAVRAS;160;ESCOLA MUNICIPAL OSCAR BOTELHO;RUA JOAQUIM CARLOS ALVARENGA 268;74;1074;55;RONALDO RAMOS CAIADO;2,80E+11;341;245;207;7
47635;LAVRAS;160;COLEGIO TIRADENTES;COMANDANTE NELIO S/N;245;1171;55;RONALDO RAMOS CAIADO;2,80E+11;377;278;260;6
47635;LAVRAS;160;ESCOLA ESTADUAL CRISTIANO DE SOUZA;AV, DUQUE DA ROCHA 501;275;1155;55;RONALDO RAMOS CAIADO;2,80E+11;394;322;298;5
47635;LAVRAS;160;CAMPUS CARLOTA KEMPER;PRACA DR, AUGUSTO SILVA 616;94;1066;55;RONALDO RAMOS CAIADO;2,80E+11;342;246;239;4
47635;LAVRAS;160;ESCOLA MUNICIPAL  ALVARO BOTELHO;PCA, DOUTOR JORGE 130;55;1040;13;LUIZ INÁCIO LULA DA SILVA;2,80E+11;328;231;219;84
47635;LAVRAS;160;ESCOLA ESTADUAL JOAO BATISTA HERMETO;RUA JAIR FERREIRA 285;182;1023;14;RENAN ANTONIO FERREIRA DOS SANTOS;2,80E+11;387;294;282;5
47635;LAVRAS;160;ESCOLA ESTADUAL CINIRA DE CARVALHO;RUA AUGUSTO VIEIRA SILVA 440;161;1147;13;LUIZ INÁCIO LULA DA SILVA;2,80E+11;398;284;266;106
47635;LAVRAS;160;ESCOLA ESTADUAL CRISTIANO DE SOUZA;AV, DUQUE DA ROCHA 501;179;1155;70;AUGUSTO JORGE CURY;2,80E+11;387;311;275;5
47635;LAVRAS;160;ESCOLA ESTADUAL AZARIAS RIBEIRO;RUA  ORLANDINO PINTO RIBEIRO 254;63;1058;55;RONALDO RAMOS CAIADO;2,80E+11;350;252;239;4
47635;LAVRAS;160;COLEGIO TIRADENTES;COMANDANTE NELIO S/N;158;1171;13;LUIZ INÁCIO LULA DA SILVA;2,80E+11;384;310;295;111
;;;;;;;;;;;;;
;;;;;;;;;;;;;
;;;;;;;;;;;;;83
;;;;;;;;;;;;;291
